month ,Store location,sales_Channel,Coffee type,roastLEVEL,Promo-Flag,unitprice_try,Units sold,discountRate,CostPerUnit_TRY,customer_footFall,AvgTemp(C),TOTAL_revenue_try
Feb,Izmir,In Store,Cold Brew,Light,No,107.47,7,0.053,44.96,165,9.1,752.46 TRY
Oct,Antalya,Onl1ne,Latte,Dark,Yes,94.07,14,0.117,45.19,159,24.6,1172.43 TRY
Aug,Eskisehir,In-Store,Americano*,Light,No,78.84,3,0.056,30.8,146,25.2,225.11 TRY
Jun,Antalya,Online,Cold Brew,Medium,YES ,109.83,9,0.118,45.02,130,28.9,854.52 TRY
Jun,Eskisehir,Online,Espresso,Medium,No,77.18,7,0.048,32.68,142,23.3,534.39 TRY
Nov,Antalya,Online,Cold Brew,Medium,No,112.65,4,0.059,48.74,154,18.7,417.26 TRY
Feb,Antalya,In-Store,Latte,Light,No,93.36,10,0.02,38.07,157,13.1,876.79 TRY
Sep*,Istanbul,In-Store,Espresso,Light,Yes,76.96,18,0.139,33.37,307,25.8,1187.85 TRY
Mar,Antalya,In-Store,Espresso,Medium,Yes,75.58,13,0.078,27.76,215,15.7,910.69 TRY
Feb,Ankara,In-Store,Cold Brew,Light,No,110.44,13,0.008,46.52,203,5.3,1403.77 TRY
Jul,Izmir,In-Store,Americano,Medium,No,75.67,11,0.054,30.63,207,32.0,784.47 TRY
Dec,Bursa,In-Store,Filter,Medium,No,64.71,5,0.088,28.78,111,7.3,293.29 TRY
Sep,Eskisehir,Online,Cold Brew,Medium,No,106.82,5,0.056,49.59,76,20.6,502.79 TRY
Oct,Eskisehir,In-Store,Mocha,Light,Yes,99.9,7,0.076,46.16,130,17.9,677.02 TRY
Sep,Ankara,Online,Americano,Medium,No,68.19,10,0.045,28.33,198,24.2,618.43 TRY
Oct,Antalya,In-Store,Mocha, Light,No,105.5,5,0.021,41.57,175,21.5,567.27 TRY
Jul,Antalya,Online,Filter,Medium,Yes,69.44,6,0.128,29.95,159,30.6,362.49 TRY
Feb,Ankara,In-Store,Espresso,Light,No,64.46,7,0.022,30.01,161,7.9,455.80 TRY
Nov,istanbul,In-Store,Cappuccino,Dark!,Yes,81.99,23,0.097,37.72,244,13.6,1706.05 TRY
Jun,Istanbul,In-Store,Americano,Medium,No,76.88,17,0.059,33.22,317,24.6,1186.70 TRY
Jul,Antalya!,Delivery,Cappuccino,Light,No,93.92,8,0.052,37.07,142,30.9,685.87 TRY
May,Izmir,In-Store,Cold Brew,Light,No,108.74,7,0.02,46.79,222,22.2,732.85 TRY
 Mar,Eskisehir,In-Store,Latte ,Medium,No ,94.53,NA,0.019,45.46,124,7.5,581.25 TRY
Dec,Izmir,in-store,Latte*,Light,Yes,91.8,17,0.098,37.56,244,9.2,1373.05 TRY
Oct,ESKISEHIR,Online,Cappuccino,Light,No,78.57,2,0.097,30.7,73,14.8,120.50 TRY
Aug,Ankara,In-Store,Espresso,Dark ,No,73.35,18,0.011,33.43,276,25.5,1309.90 TRY
May,Antalya ,In-Store#,Americano,Medium,No,82.13,18,0.028,33.63,242,22.7,1448.77 TRY
Oct,Istanbul,In-Store,FILTER,Light,No ,71.92,9,0.057,27.84,266,18.8,621.45 TRY
Jul ,Izmir,Delivery,Latte,Medium, No,96.84,4,0.04,45.67,156,32.1,347.27 TRY
 Jun,Antalya,In-Store,Cappuccino,Medium,No,95.61,11,0.033,41.08,202,30.4,977.05 TRY
Jun,NA,In-Store ,Cold Brew,Dark,No,105.51,6,0.039,46.72,134,20.9,621.85 TRY
Mar,Antalya,Delivery ,Espresso,Light,No,75.52,5,0.06,29.43,138,16.0,390.77 TRY
Feb,NA,In-Store,Americano,Medium,No,80.83,14,0.03,38.04,241,7.2,1089.04 TRY
Jul,Ankara,In-Store,Americano,Dark,No,84.3,18,0.015,36.2,198,22.5,1466.02 TRY
Nov,Istanbul#,In-Store,Filter, Light,No!,70.47,19,0.045,32.39,315,13.3,1267.93 TRY
Jan,Istanbul, In-Store,Mocha,Light,Yes,98.22,10,0.102,45.0,243,6.3,891.87 TRY
Nov,Bursa,In-Store,Latte,Medium,No,96.7,10,0.053,41.51,142,16.7,909.92 TRY
Oct,Bursa,In-Store,Espresso,Dark,Yes,82.57,5,0.097,34.48,133,19.4,407.98 TRY
Apr,Antalya,Online,Americano,Medium,No,80.84,2,0.06,36.85,141,19.9,175.10 TRY
Aug,Antalya,online,Mocha,Medium,Yes,104.94,9,0.116,49.1,163,32.0,839.51 TRY
Feb,Antalya, In-Store,Cappuccino,Dark,Yes,97.14,12,0.106,38.02,170,11.8,993.26 TRY
Oct,Antalya,In-Store,Filter,Dark,No,70.58,15,0.026,31.45,191,19.5,1013.87 TRY
Sep,Istanbul,In-Store,Cold Brew,Medium,No,113.11,10,0.099,49.53,310,19.5,1005.42 TRY
May,Istanbul,Delivery,Latte*,Medium,No,96.87,15,0.041,40.56,225,17.3,1374.81 TRY
Jan,Bursa,IN-STORE,Cold Brew,Medium,No,107.18,5,0.044,47.68,152,5.4,517.09 TRY
Dec,Antalya,Online!,Filter,Medium,No,67.5,8,0.094,25.65,144,8.3,494.53 TRY
Jun,Istanbul,In-Store,Latte!,Dark,No,97.39,24,0.005,42.89,321,22.9,2283.82 TRY
nov,Izmir,Online,Mocha,Light,No ,94.0,8,0.082,39.76,120,14.0,710.45 TRY
Sep,Bursa,In-Store,Filter,Light,NO,64.85,11,0.056,26.24,183,22.1,673.81 TRY
Oct,ISTANBUL,Online,Americano,Dark,No,84.13,12,0.066,36.03,213,15.7,951.87 TRY
Oct,Ankara,In-Store~,Filter,Medium,YES ,68.52,12,0.137,26.75,194,14.3,728.21 TRY
Mar,Eskisehir,Delivery,Espresso ,Light,No,66.54,3,0.082,31.09,93,10.9,164.08 TRY
May,Bursa,In-Store,Mocha,Light,No ,93.02,8,0.027,41.92,156,19.8,755.54 TRY
Jun,Istanbul,Online,Cold Brew,Medium,Yes,104.92,12,0.102,49.75,237,22.9,1127.07 TRY
Jun,Antalya,Delivery,Latte,Dark,No,102.98,6,0.081,46.02,166,28.4,605.65 TRY
Jan,Ankara,Delivery,Latte,Light,No,98.01,7,0.081,42.03,122,3.9,608.15 TRY
 Jul,Antalya,In-Store,Latte,Light,Yes,96.03,21,0.166,45.77,251,30.0,1717.83 TRY
Feb,Ankara,In-Store, Espresso,Medium,No,70.85,12,0.063,28.6,194,3.5,774.04 TRY
Sep,Izmir,In-Store,Americano,Dark,No,82.99,12,0.023,35.33,240,27.5,1036.69 TRY
Sep,Ankara,In-Store,Americano,Medium,Yes,77.12,20,0.121,33.83,197,20.2,1331.97 TRY
Dec,Istanbul,In-Store,Latte,Dark,No,94.45,18,0.064,40.03,291,5.8,1617.71 TRY
Sep,Eskisehir,Delivery,Latte,Dark,Yes,99.97,4,0.119,46.41,61,20.4,343.23 TRY
May ,Istanbul,Delivery,Americano,Medium , Yes,90.27,9,0.129,39.08,242,19.2,725.50 TRY
Dec,Istanbul,In-Store,Filter,Dark,No,77.8,13,0.068,35.99,236,4.1,941.61 TRY
 May,Ankara,Online,Cappuccino,NA,Yes ,84.57,9,0.122,37.3,136,16.9,640.99 TRY
Apr,Bursa,Delivery,Latte,Medium,No,101.72,9,0.083,47.36,121,15.2,769.57 TRY
Nov,Antalya,Delivery,Cappuccino,Medium,No,94.03,5,0.079,39.27,120,17.4,495.70 TRY
May,Eskisehir,In-Store,Americano,Dark,Yes,80.61,3,0.135,32.94,130,NA,211.01 TRY
Jan,Ankara,In-Store,Mocha,Dark,No,97.96,8,0.028,48.3,171,6.5,688.15 TRY
Jun,Ankara ,Online,Latte,Medium,Yes,91.1,12,0.109,37.03,192,24.9,981.61 TRY
Oct,Istanbul,In-Store,Espresso,Dark,No,69.32,16,0.034,26.95,257,22.6,1088.65 TRY
Mar,Izmir,In-Store,Filter,Medium,Yes,69.79,13,0.124,30.44,171,14.0,776.89 TRY
Jun,Eskisehir,Delivery,Cold Brew,Dark,No,112.36,5,0.055,53.81,108,21.8,513.19 TRY
Feb,Bursa,Delivery,Mocha,Dark,Yes,101.36,12,0.143,45.99,NA,8.4,1041.89 TRY
Sep,Izmir, Delivery,Filter,Light,No,80.02,9,0.044,35.61,166,24.4,718.56 TRY
Jun,Ankara,Online,Filter,Light,Yes,60.35,12,0.125,22.0,126,22.2,636.17 TRY
Apr,Eskisehir,In-Store,Cappuccino,Medium,No,84.75,7,0.018,34.6,163,10.2,619.15 TRY
Mar,Izmir,In-Store,Latte,Dark,No,93.38,9,0.036,38.27,156,13.3,838.45 TRY
Jul,Istanbul,In-Store,Latte,Medium,No,95.74,25,0.036,43.69,335,25.7,2301.61 TRY
Sep,Ankara,In-Store,Americano,Medium,No,83.13,12,0.09,31.82,189,19.6,868.52 TRY
Dec,Istanbul,In-Store,Americano,Light#,YES,86.91,20,0.097,33.95,287,8.8,1563.93 TRY
Jun~,Istanbul,Online,Espresso,Medium,YES,73.2,15,0.187,31.77,301,23.7,905.84 TRY
Feb,Istanbul,In-Store,Mocha,Medium,No,100.11,9,0.023,46.17,240,3.1,881.76 TRY
Oct,Ankara,Online,Cold Brew,Light,No,100.37,6,0.052,43.84,136,12.1,586.77 TRY
Aug,Bursa,In-Store,Cold Brew,Dark, No,114.23,5,0.057,52.54,168,24.2,560.18 TRY
Sep,Ankara,In-Store,Cappuccino,Light,No,91.48,9,0.084,39.5,175,19.2,767.43 TRY
Feb,Ankara,In-Store,Americano,Dark,No,79.58,8,0.077,33.79,211,5.8,580.74 TRY
Apr,Eskisehir,In-Store,Latte, Light,Yes,84.42,15,0.159,34.96,146,11.9,1077.96 TRY
Oct,Antalya ,Delivery,Latte,Dark,No,96.77,8,0.036,44.68,120,23.6,NA
Oct,Izmir,In-Store,Filter*,Medium,no,71.68,7,0.047,31.33,157,21.0,440.93 TRY
Jun,Ankara,In-Store,Filter,Light,No ,69.2,26,0.039,30.85,232,24.1,1741.21 TRY
Oct,Eskisehir,Online,Filter,Light ,No,54.74,6,0.08,23.61,126,15.7,347.96 TRY
Nov, Istanbul,In-Store,Filter,Light,Yes,69.71,20,0.119,26.94,228,12.4,1198.93 TRY
May,Ankara ,In-Store,Filter,Meduim,No,75.47,17,0.051,33.08,243,19.2,1242.59 TRY
Nov,Eskisehir,in-store,Latte,DARK,No,92.13,9,0.037,41.46,125,11.3,826.86 TRY
Apr,Izmir,IN-STORE,Espresso,Medium,No,81.96,10,0.046,33.46,161,17.3,744.98 TRY
Mar,Antalya,online,Espresso,Medium,No,77.6,8,0.032,32.0,127,17.0,618.74 TRY
Sep,Izmir,In-Store,Cappuccino,Medium,No,86.66,13,0.017,35.02,234,20.8,1100.65 TRY
Aug,Bursa,In-Store,Americano,Medium,Yes,76.83,10,0.085,34.05,140,25.9,701.48 TRY
Feb,Ankara,In-Store,Americano ,Medium,No,78.49,5,0.045,30.13,156,4.4,366.67 TRY
Oct,Istanbul,In-Store,Filter,Medium,Yes,69.19,26,0.077,27.07,300,19.3,1693.24 TRY
Mar,Ankara,In-Store,Americano,Medium,No~,75.12,10,0.012,30.89,195,11.1,739.38 TRY
Oct,Istanbul,Delivery#,Filter,Dark,Yes,84.03,14,0.118,39.36,183,14.1,1026.02 TRY
Jan, Eskisehir,In-Store,Cold Brew,Medium,No,103.09,4,0.048,47.47,149,6.3,381.41 TRY
Oct,Ankara,In-Store,Mocha,LIGHT,No,101.31,10,0.04,41.29,222,12.7,964.05 TRY
Oct,Izmir,In-Store,Mocha,Light,No,97.25,5,0.042,45.49,188,17.2,438.84 TRY
Oct,Antalya,In-Store,cappuccino,Medium,Yes,91.9,15,0.103,41.3,177,21.0,1224.71 TRY
Aug, Antalya,In-Store,Mocha,Meduim,No,104.25,6,0.089,43.52,217,30.9,572.77 TRY
Jun,Ankara,Online,Americano,Dark,No,75.61,6,0.057,27.47,177,18.9,437.91 TRY
Sep,Izmir,Delivery, Filter, Medium,NA,77.27,7,0.096,32.31,114,26.8,519.07 TRY
Apr,Eskisehir,In-Store,Cappuccino,Medium,Yes,NA,12,0.089,35.35,172,12.9,867.58 TRY
Oct,Bursa,In-Store ,Americano,Dark,No,80.76,6,0.037,37.91,191,18.6,454.77 TRY
Jul,Antalya,Delivery,Mocha,Medium,No,96.13,5,0.054,40.56,168,30.6,429.42 TRY
Jun,Eskisehir,In-Store,Mocha,Dark, No,97.09,9,0.055,47.19,166,21.4,833.11 TRY
Jul,Antalya,In-Store,Latte,Light,Yes,98.42,22,0.118,38.85,263,31.4,1906.81 TRY
Jul,Istanbul,In-Store,Mocha,Medium,No ,105.49,22,0.078,45.68,384,30.4,2137.65 TRY
Jan,Izmir,Online,Espresso,Dark,Yes#,69.81,6,0.116,29.18,160,2.8,376.84 TRY
Feb,Istanbul,Online,Mocha,Dark,Yes,97.32,7,0.126,46.1,136,5.1,608.39 TRY
 Mar,Bursa,In-Store,Americano, Dark,Yes!,76.25,11,0.088,35.38,131,9.5,771.68 TRY
Feb,Eskisehir,Delivery,Americano,Medium,No,81.74,6,0.037,36.24,101,2.3,468.03 TRY
Jun#,Izmir,In-Store,AMERICANO,Dark,No,73.87,8,0.011,29.06,196,26.0,564.42 TRY
Sep,Ankara,In-Store,Cappuccino,Medium,no,88.95,7,0.035,39.08,258,20.7,585.54 TRY
Aug,Istanbul,In-Store,Cappuccino,Medium,No,94.25,25,0.02,40.6,365,25.7,2330.33 TRY
jun,Eskisehir,In-Store!,Latte,Light,No*,88.87,9,0.04,35.76,136,21.6,757.25 TRY
Nov,Istanbul,In-Store,Americano,Light,No,83.1,11,0.046,30.77,253,13.3,838.40 TRY
Jul,Istanbul,In-Store,Americano,Medium,No,83.89,14,0.017,37.31,312,26.5,1183.48 TRY
Jan,Istanbul,In-Store,Latte,Light,No,93.83,12,0.038,40.93,244,5.1,1059.61 TRY
Oct,Istanbul,Online,Espresso,Medium,Yes,68.26,19,0.121,26.1,200,16.7,1140.89 TRY
Jul,Ankara,In-Store,Mocha,Dark,No,100.53,19,0.017,44.82,264,25.0,1889.88 TRY
Aug,Izmir,In-Store,Filter,Dark,No,68.19,15,0.009,30.05,190,26.0,1013.72 TRY
JUL,Ankara,Online,Cappuccino,Light,No,82.69,4,0.05,34.56,115,25.9,252.27 TRY
Jul, Istanbul,In-Store,Filter,Dark,No,75.92,27,0.041,29.54,290,26.1,1975.56 TRY
Feb ,Istanbul,Online,Espresso,L1ght,No,79.67,5,0.066,37.23,157,9.5,405.22 TRY
Jul,Ankara,Online,Espresso,Medium,No,71.85,13,0.068,32.19,165,26.2,890.20 TRY
Oct,Istanbul,Online,Mocha,Dark,No,104.22,8,0.092,46.23,212,19.3,703.95 TRY
Apr,Bursa,In-Store,Cold Brew,Light,No,100.22,5,0.006,43.51,121,11.5,551.27 TRY
Aug,Istanbul,In-Store,Filter,Light,No,71.98,25,0.024,30.95,295,26.3,1723.17 TRY
Jan,Ankara,In-Store, Espresso,Light,No,71.76,9,0.015,27.88,156,1.5,609.19 TRY
May,Ankara,In-Store,Cold Brew,Medium,No,113.92,7,0.018,50.77,185,15.6,802.63 TRY
Jun,Ankara,In-Store!,Cappuccino,Dark!,Yes,87.84,17,0.074,35.11,218,24.5,1394.10 TRY
Dec,Istanbul,In-Store,Cappuccino,Light,No,90.03,11,0.037,37.67,265,11.0,955.70 TRY
Mar,Istanbul,In-Store,Americano,Light,No,85.24,20,0.032,33.46,274,7.7,1636.01 TRY
NA,Antalya,In-Store,Filter,Medium,No,71.63,14,0.037,27.85,171,17.6,998.99 TRY
May,Istanbul,In-Store,Espresso,Light,No,71.56,13,0.05,33.35,286,18.8,882.78 TRY
Dec,Izmir,Online,Cold Brew,Medium,No,119.21,3,0.069,52.57,124,11.7,293.81 TRY
Nov,Izmir,Delivery,mocha,Dark,yes,101.69,10,0.178,46.18,145,11.0,866.70 TRY
JAN, Ankara,In-Store,Mocha*,Dark,No,99.74,8,0.08,40.86,175,0.8,739.57 TRY
Mar,Ankara,Delivery,Mocha,Dark ,No,105.39,6,0.111,46.23,168,9.0,590.03 TRY
Oct ,Antalya,in-store,Filter,Medium,No,73.07,6,0.072,31.61,161,17.6,421.17 TRY
Jan,Antalya,Delivery,Americano,Dark,No,86.24,9,0.062,37.47,130,9.6,787.83 TRY
Nov,Istanbul,Delivery,Espresso,Light,Yes,79.26,13,0.146,28.98,178,12.3,872.20 TRY
Apr,Ankara,In-Store,Latte,Light,Yes,91.06,10,0.081,40.48,172,12.8,837.24 TRY
Dec,Istanbul,Online,Cappuccino,Medium,No,86.54,7,0.096,37.08,206,7.7,565.62 TRY
Apr,Izmir,Delivery,Espresso,Light,Yes ,86.6,10,0.135,38.94,181,15.8,741.50 TRY
Jun,Bursa,Delivery,Americano,Dark,No,82.12,5,0.091,34.0,107,25.2,393.30 TRY
Aug,Istanbul,Delivery,Cappuccino,Medium,No,99.39,8,0.049,37.26,242,27.6,682.47 TRY
Feb,Ankara,In-Store,Espresso,Dark,No,73.66,7,0.039,29.68,141,3.7,493.69 TRY
Jul,Eskisehir,IN-STORE,Espresso,Medium,No,70.58,5,0.029,27.45,128,24.6,340.09 TRY
Jul,Istanbul,Delivery ,Filter,Medium,No,75.18,12,0.055,33.05,229,27.8,849.06 TRY
Oct,Izmir,In-Store, Cappuccino,Medium,Yes,84.8,11,0.16,30.18,172,22.9,761.63 TRY
Dec,Bursa,In-Store,FILTER,Medium,No,67.36,15,0.031,27.39,140,9.1,1001.73 TRY
Aug,Istanbul,In-Store,Filter,MEDIUM,No,71.37,15,0.026,32.83,323,29.4,1030.10 TRY
May,Istanbul,In Store,Espresso,Medium,YES ,82.69,17,0.096,34.74,252,17.8,1275.79 TRY
May,Istanbul,In-Store,Mocha,Dark,Yes,99.21,15,0.106,46.44,278,18.0,1329.48 TRY
Jun,Eskisehir,Online,Latte,Medium,No,87.69,5,0.042,35.3,130,21.0,432.54 TRY
Oct,Istanbul,In-Store,Mocha,Light,NA,97.41,12,0.053,39.66,240,16.7,1142.74 TRY
APR,Istanbul,Online, Espresso,Medium,no,81.77,5,0.057,37.22,198,12.0,390.42 TRY
Mar,Istanbul ,Delivery,Americano,MEDIUM,Yes,83.52,9,0.157,35.28,203,12.5,654.70 TRY
May,Istanbul,In-Store,Espresso,Light,No,78.25,15,0.01,33.07,277,20.8,1165.63 TRY
Jan,Bursa,In-Store,Latte,Medium,No,96.88,1,0.003,40.39,142,4.9,83.94 TRY
Feb, Istanbul,In-Store,Filter,MEDIUM,Yes,72.42,17,0.097,30.62,204,8.3,1108.18 TRY
Feb,Izmir,Delivery,Mocha~,NA,yes,97.49,9,0.14,40.6,142,9.9,747.48 TRY
Oct,Izmir,Online,Mocha,Medium,No,93.54,4,0.042,43.53,146,20.9,372.65 TRY
Sep,Antalya,In-Store,Filter,Light,No*,73.44,15,0.05,36.3,206,24.8,1049.19 TRY
Sep,istanbul,In-Store,Mocha,Medium,No,97.96,14,0.047,44.07,322,22.7,1287.13 TRY
Jun,Antalya,In-Store,Espresso,Light,Yes,76.57,18,0.086,30.89,215,28.4,1254.18 TRY
Sep,Bursa,In-Store,filter,Medium,No,68.46,16,0.022,23.69,143,23.7,1033.11 TRY
Feb,Istanbul,Delivery,Cappuccino,Light,No,96.51,9,0.042,37.17,214,5.7,827.49 TRY
Nov ,Antalya,Online ,Espresso,Dark,No,77.89,3,0.096,36.6,179,11.5,211.27 TRY
jul,Antalya,In-Store,Latte,Light,No,91.27,15,0.008,38.1,214,29.3,1403.31 TRY
Dec,Istanbul,Delivery,Filter,Medium,No,73.1,9,0.057,29.96,205,7.9,654.11 TRY
Feb,Eskisehir,In-Store,Americano#,Medium,No,79.86,7,0.015,34.85,145,4.6,524.78 TRY
Jun,Ankara,Delivery,Latte~,Light,No,93.48,6,0.062,44.1,172,25.4,531.15 TRY
Sep,bursa,In-Store,Americano,Medium,No,67.0,7,0.011,27.74,174,23.7,469.32 TRY
Jun,Eskisehir,In-Store,Espresso,Dark,No,75.6,11,0.049,31.7,176,21.7,785.09 TRY
Jun,Ankara,Delivery,Espresso,Dark,No,74.85,6,0.078,32.33,158,21.9,409.90 TRY
Feb,Antalya,In-Store,MOCHA,Medium,No,103.87,9,0.073,44.45,182,13.7,857.74 TRY
May,Ankara,Online,Filter,Light,No,70.57,6,0.054,28.49,159,15.8,447.37 TRY
Mar,Antalya,Delivery,Espresso,Medium~,No,81.07,7,0.045,34.87,106,14.2,531.55 TRY
Apr,Bursa,In-Store,Americano,Medium*,No,81.98,7,0.077,34.8,124,11.3,538.20 TRY
Sep,ISTANBUL, In-Store,Americano,Light,No,81.62,25,0.006,38.54,281,25.8,1965.03 TRY
Aug, Ankara,Online,Espresso,Dark,No,79.35,11,0.044,35.0,201,25.8,855.03 TRY
NA,Ankara,In-Store,Latte,Medium,No,89.75,22,0.067,41.79,259,23.6,1871.81 TRY
May,Istanbul,In-Store,Mocha#,Medium, Yes,102.97,17,0.099,43.16,313,18.8,1550.89 TRY
Dec, Istanbul,In-Store,Mocha,Medium,No,105.69,15,0.043,47.55,289,9.0,1504.38 TRY
Feb,Ankara,Online,Cappuccino,Medium,No,86.24,8,0.042,34.77,141,4.5,672.23 TRY
May,Istanbul,In-Store,Latte,Light,No,100.61,13,0.018,45.06,300,17.9,1284.87 TRY
Feb,Istanbul,In-Store,Espresso,Medium,No,76.27,24,0.014,33.41,249,5.7,1816.51 TRY
May,antalya,Delivery,Espresso,Light,No,87.28,8,0.085,36.76,168,24.2,631.71 TRY
Dec,Bursa,In-Store,Filter,Dark,No,77.49,5,0.047,38.14,113,6.8,415.82 TRY
May,Antalya,Delivery ,Cold Brew ,Dark,No*,118.13,7,0.054,56.01,135,22.6,765.51 TRY
Nov,Ankara,In-Store,Filter,Medium,Yes,71.21,20,0.132,32.26,158,7.3,1303.49 TRY
Jun,Eskisehir,Delivery,Filter,light,No,73.77,9,0.045,32.51,145,21.7,665.10 TRY
Sep ,Izmir,ONLINE,Mocha,Medium,No,94.25,7,0.057,45.0,187,25.1,642.95 TRY
Jun,Istanbul,In-Store,Filter,Medium,No,67.75,14,0.028,25.58,262,23.4,895.93 TRY
Apr,Istanbul,Delivery,Cappuccino,Medium*,No,102.03,12,0.072,45.59,248,14.4,1158.95 TRY
Oct, Bursa,In-Store,Espresso,Dark,Yes,75.1,9,0.102,30.31,150,18.0,622.06 TRY
Dec,Istanbul,In-Store,Espresso,Medium,No,77.09,15,0.058,31.25,304,9.4,1036.29 TRY
Apr,Izmir,In-Store,Espresso,Dark,No,77.04,6,0.078,34.25,197,17.6,391.07 TRY
Oct, Eskisehir,Online,Espresso,Light,No,58.46,4,0.031,27.02,138,14.0,235.53 TRY
Apr,Istanbul,In-Store,Cappuccino,Medium,Yes,92.24,20,0.078,36.43,283,12.9,1697.57 TRY
Sep,Istanbul,In-Store,Mocha,Light,No,97.99,10,0.016,42.09,258,20.9,951.31 TRY
Oct,Eskisehir,In-Store,Cold Brew,medium,No,110.67,4,0.008,48.89,132,13.3,466.11 TRY
Jun,Izmir,In-Store,Latte,Light,No,97.98,13,0.016,42.74,222,26.5,1231.27 TRY
Sep,Istanbul,In-Store, Espresso,Medium,No,80.31,17,0.004,35.44,287,21.4,1348.43 TRY
Apr,Eskisehir,In-Store,Cold Brew,Dark,No,109.58,4,0.017,56.18,154,11.7,414.69 TRY
Jan,Eskisehir,In-Store,Cappuccino,Medium,No,81.01,7,0.061,34.86,121,1.6,545.23 TRY
Feb,Izmir,In-Store~,Espresso,Light ,No,76.36,7,0.013,30.6,142,6.2,484.58 TRY
Jun#,Bursa*,In-Store,Americano,Light, No,78.52,6,0.039,30.39,144,25.1,440.30 TRY
Nov,Istanbul,In-Store ,Cappuccino,Medium,Yes,97.98,8,0.146,40.5,245,11.1,626.33 TRY
NA,Istanbul,Online,Americano, Medium,No,89.47,6,0.064,35.7,184,5.3,494.64 TRY
Jun,Izmir,In-Store,Cold Brew,Light,No,102.23,8,0.008,45.92,158,24.3,829.37 TRY
Sep,Ankara,In-Store,Cold Brew,Medium,No,107.45,15,0.051,48.18,194,21.8,1548.07 TRY
Mar, Bursa,In-Store,Mocha,Light,No,93.03,7,0.012,40.01,91,12.2,625.21 TRY
SEP,Antalya,In-Store,Espresso,Medium,Yes,77.69,13,0.092,36.6,191,26.7,930.39 TRY
APR,Istanbul,In-Store,Cold Brew,Medium,No,113.05,11,0.069,48.27,308,13.6,1153.12 TRY
Oct,Izmir,Online,Mocha,Light,No,96.06,2,0.037,42.03,107,21.6,219.04 TRY
Jul,Istanbul,In-Store,Americano,Light,No,85.11,23,0.053,37.02,344,23.4,1850.53 TRY
Jul,Eskisehir,In Store,Mocha,Light,Yes,90.59,16,0.101,41.64,NA,28.4,1228.72 TRY
Mar#,Istanbul,In-Store,Latte,Light#,No,91.84,16,0.029,42.96,300,14.9,1449.19 TRY
Jun,Bursa,In-Store,Cappuccino,Meduim,No,83.9,6,0.02,36.09,170,18.1,481.85 TRY
Nov,Izmir,In-Store,Espresso,Dark,Yes,75.56,11,0.161,34.59,190,14.3,690.49 TRY
Jan,Ankara,In-Store,Latte,Dark,No,90.09,13,0.034,39.21,146,2.6,1139.75 TRY
Oct,Bursa,In-Store,Espresso#,Medium,Yes,72.81,8,0.131,32.42,108,16.0,470.56 TRY
Jun,Antalya,In-Store,Americano*,Medium,Yes,81.34,15,0.078,35.97,223,27.7,1126.80 TRY
Sep,Izmir,Online,Espresso,Medium,No,70.85,8,0.031,32.78,156,27.1,562.59 TRY
Aug,Antalya,Delivery,Filter,Dark,No,80.5,15,0.086,31.28,199,31.3,1112.76 TRY
Jun,Eskisehir,In-Store,Americano,Light,No,74.76,12,0.033,29.58,141,19.7,852.54 TRY
Apr,Ankara,In-Store,Cappuccino,Medium,Yes,93.25,12,0.079,40.81,206,11.7,1055.40 TRY
Aug,Izmir,Online ,Cappuccino,Medium,No,88.22,5,0.07,31.75,166,30.5,385.29 TRY
Feb,Istanbul,In-Store,Filter,Light,No,70.9,15,0.069,30.76,235,4.6,974.48 TRY
Aug,Antalya!,Online,Latte,Medium,No,92.75,8,0.057,42.93,168,28.2,696.31 TRY
Feb,izmir,Online,Filter,Dark,No,69.97,8,0.085,28.93,100,13.5,519.57 TRY
Aug,Ankara,Delivery,Americano,Dark,No,86.85,10,0.088,36.49,183,23.7,783.96 TRY
Aug,Istanbul,Delivery,Espresso,Light,No,78.35,14,0.051,30.76,249,26.7,1071.67 TRY
Feb,Eskisehir,In-Store,Latte~,Medium,Yes,94.07,8,0.133,40.35,108,3.7,659.85 TRY
Oct,Ankara,In-Store,Cappuccino,Medium,No,85.75,11,0.029,35.03,216,16.1,917.79 TRY
may,Bursa,In-Store,Cold Brew,Medium,Yes,111.04,7,0.13,47.49,186,22.0,682.74 TRY
Oct,Istanbul,In-Store#,Filter,Medium,No,70.68,26,0.089,28.21,292,18.2,1692.45 TRY
Jan,Eskisehir,In-Store,Latte,Light,No,93.41,6,0.014,40.56,96,0.5,558.63 TRY
Mar,Istanbul,NA,Filter,Dark,No,78.24,16,0.055,33.08,194,7.2,1137.75 TRY
Jun,Istanbul,In-Store,Latte,Dark, No,105.08,13,0.088,51.03,293,23.2,1273.07 TRY
Mar,Antalya,IN-STORE,Americano,Medium,No,77.38,12,0.029,31.71,185,14.0,904.62 TRY
Apr!,Eskisehir,Delivery,Latte,Medium,No,90.1,8,0.068,40.33,79,8.1,688.91 TRY
Aug~,Istanbul,NA,Espresso,medium,No,75.54,22,0.034,30.57,360,28.6,1595.23 TRY
Feb,Izmir,In-Store,Cold Brew, Medium,Yes,105.46,11,0.085,45.22,177,7.3,1015.79 TRY
SEP,Antalya,Delivery,Espresso,Light,No,73.47,7,0.096,27.45,186,30.5,407.95 TRY
Feb,Eskisehir,In-Store,Cappuccino,Medium,No,89.49,9,0.042,34.44,147,8.1,747.97 TRY
Mar,Ankara,In-Store,Latte,Light,Yes,91.98,7,0.104,38.06,180,7.5,589.83 TRY
Aug,Izmir,In-Store,Espresso,Dark,No,75.08,11,0.011,32.65,205,NA,849.24 TRY
Oct,Antalya,Delivery,Espresso,Medium,No,79.45,10,0.046,35.52,187,19.0,765.50 TRY
Mar,Antalya,In-Store,Mocha,Medium,Yes,99.61,12,0.097,40.26,179,15.7,1053.07 TRY
Apr,Antalya#,In-Store,Espresso,Medium,No,83.6,7,0.066,NA,162,17.5,526.97 TRY
Dec, Izmir,In-Store,Latte,Dark,Yes,94.06,13,0.169,39.59,206,8.3,1050.15 TRY
Dec ,Istanbul,In-Store,Cappuccino,Light,No,85.71,21,0.045,35.47,280,7.4,1686.14 TRY
Jul,Eskisehir,Delivery,Americano,Light,No,82.18,7,0.037,36.67,160,23.6,606.52 TRY
 Jun,Antalya,In-Store,Americano,Light, No,79.14,15,0.043,32.35,229,27.8,1182.96 TRY
May,Antalya,Delivery,ColdBrew,Medium,No,124.16,5,0.058,54.54,156,25.4,638.16 TRY
Aug,Istanbul,In-Store,FIlter, Dark,No,71.9,26,0.052,33.83,362,25.4,1781.71 TRY
AUG,Istanbul,In-Store,Espresso,Light,No,79.38,19,0.063,34.26,292,30.5,1404.66 TRY
Apr, Antalya,Delivery,Filter,Dark,No,81.33,8,0.045,33.45,131,15.8,630.27 TRY
Jan,Istanbul!,In-Store,Latte,Medium,No,95.91,12,0.008,42.52,231,9.2,NA
Feb,Eskisehir,In-Store,Mocha,Medium,No,94.03,5,0.049,39.72,63,2.5,430.84 TRY
Dec,Ankara~,Delivery,Mocha,Light,No,103.97,8,0.093,46.59,172,6.0,726.88 TRY
Jun,Bursa,In-Store,mocha,Medium,No,100.3,4,0.027,45.16,156,22.5,383.27 TRY
Jun,Eskisehir,In-Store,COLD BREW, Medium,No,101.36,15,0.006,41.86,179,20.8,1491.97 TRY
Jun,Ankara!,Delivery,Latte,Medium,Yes,93.49,16,0.123,41.49,183,23.6,1342.87 TRY
Oct,Ankra,In-Store,Latte,Light,No,81.85,14,0.018,35.78,216,18.0,1109.86 TRY
Jan,Bursa,In-Store,Cappuccino,Dark,No,91.38,10,0.017,40.38,124,7.9,900.66 TRY
Jan,Izmir,In Store,Espresso,Dark,No,75.95,10,0.017,34.32,145,7.7,771.16 TRY
Apr,Ankara,In-Store,Mocha,Medium,No,98.35,8,0.04,44.23,204,12.4,787.32 TRY
Jun,Bursa,In-Store,Espresso,Medium ,No,66.23,17,0.006,27.21,192,21.9,1124.37 TRY
Sep, Eskisehir,ONLINE,Americano,Dark,Yes,71.61,5,0.136,32.66,107,18.5,318.96 TRY
Jun,izmir, In-Store,Espresso,Medium,no,74.09,5,0.011,29.37,190,24.2,340.95 TRY
Jun,istanbul,Online,Americano , Dark,No,79.31,16,0.055,NA,207,23.1,1224.74 TRY
Dec,Ankara,In-Store,Mocha,Medium,Yes,99.47,19,0.146,37.38,206,6.5,1645.59 TRY
Feb,Ankara,In-Store#,Mocha,Dark,Yes,102.33,5,0.093,45.91,158,1.2,417.31 TRY
Jul,Istanbul,In-Store,Cappuccino,Light,No ,100.08,24,0.023,40.39,329,26.9,2390.75 TRY
Jul,Istanbul,Online,Espresso,Medium,No,75.92,7,0.052,32.68,245,30.0,486.29 TRY
Jun,Bursa,In-Store,Cappuccino,medium,No,92.46,7,0.043,34.89,161,25.7,634.26 TRY
Oct,Ankara,In-Store,Cappuccino,Medium ,No,85.68,8,0.013,34.69,205,13.8,678.47 TRY
Apr,Eskisehir ,Delivery,Mocha,Dark,Yes,95.3,4,0.134,43.83,116,8.7,328.61 TRY
Dec,Istanbul,In-Store,Latte,Dark,No,97.59,23,0.037,NA,327,8.9,2156.36 TRY
Apr,Istanbul,In-Store,Latte,Light,No,89.61,20,0.013,40.25,292,9.4,1744.09 TRY
Jul,Antalya,Delivery,Latte,Medium ,No,101.06,7,0.037,43.35,216,33.7,694.34 TRY
Jul,Eskisehir,In Store,Filter,NA,No,63.88,16,0.023,26.76,143,24.1,991.42 TRY
Nov,Istanbul,In-Store,Cold Brew,Medium ,Yes ,105.18,9,0.098,47.47,220,15.7,821.12 TRY
 Jun,Istanbul,In-Store,Latte,Medium ,No,104.94,16,0.016,48.08,312,20.5,NA
Apr,Istanbul,In-Store,Latte,Dark,No,96.85,16,0.006,43.77,302,15.8,1507.99 TRY
Jan,Izmir,In-Store,Espresso,Dark,Yes,70.45,18,0.107,28.67,182,8.3,1119.30 TRY
May,IZMIR,ONLINE,Filter,Light,No,70.59,18,0.062,28.73,176,20.8,1203.97 TRY
Oct,Istanbul, In-Store,Cappuccino,medium,Yes,90.09,11,0.098,39.11,208,14.3,876.10 TRY
Jan,Istanbul,Online,Americano,Medium,Yes,85.36,11,0.106,33.81,219,7.2,863.82 TRY
NOV,Izmir,Delivery,Filter,Medium,No,72.07,9,0.079,29.91,136,15.9,594.41 TRY
jul,Eskisehir ,In-Store,Mocha,Light,No,92.84,5,0.004,40.08,128,28.1,455.11 TRY
Feb,Bursa,Online,Espresso,Medium,No,72.38,8,0.042,30.19,116,8.5,555.14 TRY
Apr,izmir,Online,Espresso,Medium,No,76.37,3,0.084,30.06,142,15.3,244.74 TRY
Jul,Istanbul,Delivery#,Espresso,LIGHT,No,83.07,15,0.048,31.19,256,25.0,1151.96 TRY
 Apr,Istanbul,In-Store, Latte,Medium,NA,97.64,18,0.098,44.0,300,11.3,1626.69 TRY
Feb,Ankara,In-Store,Espresso,Medium,No,76.11,8,0.064,33.89,187,7.9,593.92 TRY
Aug,Antalya,In-Store,Filter,Medium,No,74.98,13,0.003,27.91,191,29.9,971.27 TRY
Sep,Eskisehir,In-Store,Filter,Medium,No,67.8,6,0.06,29.21,144,23.5,411.97 TRY
Feb,Eskisehir,In-Store,Latte,Dark,No,92.43,5,0.057,43.76,79,5.6,427.75 TRY
Apr,Eskisehir,In-Store,Latte,Light, No,84.22,12,0.07,38.25,154,12.2,947.04 TRY
Mar,Eskisehir,In-Store#, Americano,Light,Yes,77.4,9,0.089,31.67,163,6.9,621.07 TRY
Aug,Eskisehir,Delivery,Espresso,Medium,Yes,76.17,10,0.166,30.1,91,25.8,659.42 TRY
Sep,Istanbul,In-Store,Mocha,Medium,No,101.35,11,0.009,44.76,277,23.0,1087.13 TRY
Sep,Istanbul,In-Store,ESPRESSO,Medium,No,83.11,14,0.044,35.4,271,22.3,1111.06 TRY
Dec,Ankara,In-Store,Espresso,dark,Yes!,69.29,14,0.134,29.99,190,7.4,857.05 TRY
Oct,Izmir,In-Store, Cappuccino,Medium!,Yes,97.58,14,0.071,40.62,191,19.2,1295.33 TRY
Apr,Istanbul,In-Store,Espresso,Light,No,75.91,13,0.016,29.72,266,12.4,950.51 TRY
Feb,Antalya,In-Store,Cappuccino,Medium ,Yes,93.27,13,0.111,40.02,187,12.7,1096.75 TRY
Aug,Bursa,In-Store,Mocha,Dark,Yes,97.42,17,0.114,44.78,202,26.4,1442.79 TRY
Nov,Izmir,In-Store,Cold Brew,Dark,No,105.33,5,0.137,47.8,197,15.5,400.74 TRY
Dec,Istanbul,In-Store,Latte,Medium,No,97.44,18,0.086,43.1,248,7.1,1584.38 TRY
Mar#,Istanbul,In-Store,Filter,Medium,No,74.34,24,0.026,34.58,291,7.6,1758.64 TRY
 Mar,Istanbul,In-Store,Cappuccino,Medium ,No,95.7,13,0.007,38.95,299,13.5,1235.09 TRY
Jan,Antalya,In-Store,Filter,Medium,No,71.21,7,0.005,32.47,217,13.6,482.60 TRY
Feb,Izmir,In-Store,Latte,Light,No,85.23,9,0.038,36.03,156,11.3,739.31 TRY
Jul,Antalya,In-Store,Americano,Medium,No*,75.83,13,0.031,34.07,214,30.7,955.79 TRY
Jul ,Ankara,In-Store,Filter,Dark,No,78.21,13,0.026,36.1,215,24.4,1005.84 TRY
May,Ankara,Online,Americano,Medium,No,72.63,2,0.095,29.92,134,19.8,91.17 TRY
Apr,Ankara,Delivery,Espresso,Medium,No,83.71,10,0.083,38.48,151,11.3,765.06 TRY
Oct,Antalya,Delivery,Americano,Medium,No,82.26,6,0.034,35.49,165,20.2,479.89 TRY
Jun,Antalya,In-Store,Capuccino,Medium,Yes,91.27,14,0.105,36.58,259,32.2,1109.48 TRY
Oct,Istanbul,In-Store,Cappuccino,Light,No,93.5,10,0.041,38.52,262,16.9,862.19 TRY
dec,Eskisehir,In-Store,Latte,Medium,No,88.72,11,0.031,41.3,138,9.0,936.55 TRY
Apr,Istanbul , Online,Filter,Dark,No,78.37,13,0.032,35.55,204,11.2,986.42 TRY
Mar,Eskisehir,Online,Americano,Light,No,73.3,3,0.092,28.67,81,8.5,199.97 TRY
Dec,Istanbul,Delivery,Latte,Medium ,No,103.84,10,0.102,45.41,230,12.1,918.57 TRY
Aug,Istanbul,Delivery,Cappuccino,Light,No,93.93,10,0.049,39.86,253,27.1,878.34 TRY
Apr,ANTALYA,In-Store,Cold Brew,Light,No,112.63,6,0.012,48.54,199,18.0,657.79 TRY
Aug,ISTANBUL,Online,Espresso,Dark#,No,83.32,15,0.068,40.54,251,24.7,1172.28 TRY
Jul,Ankara,Online,Espresso,Medium,No,71.47,11,0.057,30.48,197,27.2,772.47 TRY
NOV,Ankara,In-Store,Latte,Medium,No,100.92,14,0.051,44.28,199,8.5,1285.31 TRY
Apr,Istanbul,Delivery,Mocha,Medium ,Yes,104.55,9,0.105,48.38,188,13.8,857.73 TRY
Dec,Bursa,In-Store,Cold Brew,Dark,No,112.06,4,0.027,49.7,170,5.0,433.36 TRY
Dec#,Antalya,Delivery,Latte,Medium,No,102.96,4,0.072,47.32,155,15.6,395.33 TRY
Mar,Eskisehir,Online,Cold Brew,Medium,No,100.73,5,0.059,40.99,86,9.8,503.57 TRY
Feb,Ankara,In-Store,Cappuccino,Medium,No,89.86,10,0.066,36.83,180,4.9,820.41 TRY
Jul,Izmir,Online,Espresso,Light,Yes,72.03,12,0.118,32.35,171,27.2,785.97 TRY
Jan,Istanbul,In-Store,Espresso,Medium,No*,74.59,16,0.006,34.47,280,9.1,1154.93 TRY
Apr,Istanbul,Online,Espresso,Light,No,75.43,9,0.057,30.13,182,13.3,643.36 TRY
Jun,Istanbul,Online ,Cappuccino,Medium,No,91.59,16,0.075,36.69,269,21.8,1349.47 TRY
Dec,Eskisehir,In-Store,Latte,Medium,Yes ,91.71,3,0.11,41.49,136,2.0,246.02 TRY
Dec,Eskisehir,Delivery,Cappuccino,NA,No,90.73,2,0.128,36.86,90,4.2,133.51 TRY
Feb,Antalya,In-Store,Latte,Dark,Yes,97.64,11,0.169,43.4,154,8.6,903.45 TRY
Nov,Izmir,In-Store,Latte,Medium,No,94.53,6,0.09,43.35,143,13.3,555.79 TRY
Feb,Izmir,In-Store,Mocha,Light,Yes,99.56,5,0.13,42.72,116,11.0,408.79 TRY
Sep ,Izmir,In-Store,Mocha,Medium,Yes,98.42,12,0.121,39.37,210,24.7,1042.88 TRY
Nov,Izmir,In-Store!,Cappuccino,Dark,Yes,102.63,13,0.143,41.53,219,15.2,1164.80 TRY
Nov,Ankara,In-Store,Cappuccino,Medium,No,83.36,8,0.034,35.03,144,8.6,636.79 TRY
Mar,Istanbul,In-Store,latte, Medium,No,95.66,7,0.023,38.36,235,10.1,688.23 TRY
Nov,Istanbul,In-Store,Latte,Dark,No,96.98,12,0.059,43.05,279,15.8,1084.36 TRY
Feb, Eskisehir,Delivery,Cappuccino,Light,No,97.16,7,0.079,38.02,88,3.8,623.48 TRY
Jul,Izmir,In-Store,Cappuccino,Medium,No,85.72,8,0.055,39.28,240,30.3,623.21 TRY
Jun*,Eskisehir,Delivery,Mocha,Medium,No,102.7,4,0.076,49.52,114,18.4,382.74 TRY
Apr ,Istanbul,In-Store ,Mocha,Light,No,101.99,13,0.029,42.76,267,17.0,1287.50 TRY
Jan,Izmir,In-Store,Espresso,Medium,No,77.33,4,0.02,32.99,159,7.5,319.03 TRY
OCT,Istanbul,In-Store,Latte,Medium, No,102.95,9,0.034,43.38,217,19.1,879.14 TRY
May,Istanbul,IN-STORE,Filter ,Medium ,No,77.86,21,0.026,32.08,NA,18.8,1575.50 TRY
Aug,Istanbul,In-Store,NA,Dark,No,77.2,27,0.018,36.8,351,28.2,2058.44 TRY
May,Istanbul, In-Store,Filter,Light,No,71.78,25,0.022,29.21,326,20.3,1789.95 TRY
May,Eskisehir,In-Store,Americano,Medium,No,69.54,12,0.014,28.63,181,15.6,838.52 TRY
Nov,Ankara,In-Store,Latte,Dark,Yes,95.4,14,0.115,41.04,198,12.2,1228.19 TRY
Feb,Bursa,In-Store,Cappuccino,Light,Yes,82.82,8,0.114,37.08,72,5.0,600.91 TRY
Sep,Izmir,In-Store, Espresso,Dark,No,76.25,7,0.02,26.26,179,27.1,536.06 TRY
Sep,ANKARA,Online,Filter,Light, No,58.26,13,0.108,23.58,193,20.2,692.57 TRY
May,Izmir,In-Store,Latte,Medium, No,97.62,6,0.041,42.86,236,22.2,598.91 TRY
Apr,Istanbul,Delivery,Filter,Light,NA,68.21,10,0.16,27.33,242,13.1,603.90 TRY
Jan,Eskisehir,Online,AMERICANO,Medium,No,75.59,7,0.069,33.47,87,3.6,465.50 TRY
Dec,Antalya,Delivery,Filter,dark,No,72.09,8,0.062,33.4,112,10.4,560.98 TRY
Dec,Antalya,Online,Filter,Dark,NO,67.6,9,0.08,26.24,146,13.0,566.36 TRY
Mar,Izmir,In-Store,Latte,Dark,no,101.62,12,0.065,49.92,171,12.6,1135.33 TRY
Jan, Istanbul,In-Store,Americano*,MEDIUM,NO,85.35,10,0.016,33.0,288,4.9,795.52 TRY
Feb,Eskisehir,In-Store,Mocha,Dark#,No,102.6,5,0.01,48.75,125,4.4,469.37 TRY
Jan,Ankara,Online,Latte, Medium,No,98.24,10,0.058,43.53,136,4.3,916.31 TRY
Oct,istanbul,In-Store,Filter,Dark,No,70.91,19,0.023,29.48,275,15.8,1279.69 TRY
Nov,Ankara,In-Store,Cappuccino,MEDIUM,No,95.0,9,0.06,39.08,195,9.7,795.11 TRY
Feb,Antalya,Delivery~,Americano,Dark,No,81.14,7,0.058,34.82,142,9.5,552.90 TRY
Sep,Bursa,in-store,Espresso,Light,No,73.98,5,0.067,31.49,143,27.2,330.59 TRY
Mar,Antalya,In-Store,Mocha,Medium,No,100.03,6,0.006,42.17,158,16.6,598.67 TRY
May,Antalya,Online,Filter,Medium, Yes,66.28,17,0.168,27.37,190,24.0,910.72 TRY
Aug,Istanbul,In-Store,Espresso,Light,Yes,78.46,16,0.088,31.41,288,29.3,1152.36 TRY
SEP,Eskisehir,In-Store,Cold Brew,Light,No,108.78,11,0.03,45.43,184,16.5,1173.39 TRY
Nov,Ankara,Online,Filter,Dark,No,71.66,8,0.078,29.18,88,4.9,492.99 TRY
Jan,Bursa,In-Store,Espresso,Medium,No,73.86,3,0.011,28.72,119,4.7,200.35 TRY
 Mar,ISTANBUL,In-Store,Espresso,Light,No,76.53,17,0.033,31.3,280,7.2,1226.40 TRY
Apr,Eskisehir,IN-STORE,Mocha,Medium,no,99.11,9,NA,44.47,138,11.0,877.07 TRY
Apr,Ankara,Online,Mocha,Medium,No,98.22,6,0.07,43.46,119,12.4,552.17 TRY
Dec,Istanbul,IN-STORE,espresso,Medium,No,80.17,13,0.042,37.62,290,9.8,997.19 TRY
Oct,Ankara,delivery,Cold Brew,Dark,no,114.82,1,0.044,47.25,149,12.7,106.56 TRY
Apr,Istanbul,Delivery,LATTE,Dark,No,106.37,4,0.035,48.81,204,14.8,418.66 TRY
Dec,Istanbul,In-Store,Filter,Medium,No,66.49,10,0.049,27.94,261,8.0,640.89 TRY
Jun,Bursa,In-Store ,Filter,Medium,No,67.47,8,0.005,29.97,170,24.2,524.67 TRY
Jul,Ankra,In-Store,Cold Brew,Medium,No,103.46,7,0.141,46.96,225,24.0,606.22 TRY
Jun,Eski≈üehir,Online,Latte,Dark,No ,92.11,11,0.087,41.12,180,24.3,923.59 TRY
Feb~,Ankara,In-Store,Americano,Light,No,83.57,7,0.021,35.44,168,4.8,567.96 TRY
Dec,Antalya, In-Store,Latte,Light,Yes,93.1,12,0.108,39.48,189,16.0,1048.06 TRY
Jan,Izmir,In-Store,Espresso,Dark,No,77.51,7,0.036,34.56,150,6.9,513.44 TRY
Mar,Bursa,Delivery,Mocha,Dark,No ,106.03,8,0.042,43.96,149,11.0,819.86 TRY
Mar,Izmir,In-Store,espresso,Medium,Yes,67.73,10,0.162,30.0,130,12.4,579.23 TRY
Apr,Izmir,Delivery,Latte,Medium~,No,97.91,7,0.057,43.03,147,15.8,681.32 TRY
Feb,Eskisehir*,In-Store,Espresso,Medium,No,73.46,10,0.037,29.88,114,5.8,687.14 TRY
Jan,ANKARA,Delivery,Americano,medium,No,71.41,4,0.056,29.53,100,3.4,303.14 TRY
Sep,Istanbul ,In-Store,Americano,Medium,No,79.09,18,0.027,32.9,267,17.7,1381.50 TRY
Dec,Bursa,In-Store,Mocha,Light,No,100.4,6,0.05,46.77,153,1.4,634.81 TRY
Feb,Antalya,Delivery,Cold Brew,Medium,Yes,120.01,3,0.119,59.27,107,14.0,326.25 TRY
 Apr,istanbul,Delivery,Espresso,Medium,No,83.5,9,0.068,37.51,217,16.5,669.67 TRY
Jul,Ankara, In-Store,Filter,Medium,No,72.53,19,0.093,29.33,287,28.8,1244.98 TRY
Dec,Eskisehir,In-Store,FILTER,Light,no,65.86,12,0.053,28.92,141,5.5,781.84 TRY
Sep,Antalya,In-Store,Cappuccino,Dark,No,95.22,10,0.063,42.29,169,24.9,894.25 TRY
Oct,Eskisehir,In-Store,Mocha,Medium,No,NA,6,0.009,40.28,114,13.7,567.78 TRY
Jul,Izmir,In-Store,Capuccino,dark,Yes,92.46,16,0.106,37.24,211,29.5,1340.52 TRY
Jun,Bursa,Delivery,Espresso,Light,No,72.47,7,0.068,30.31,118,21.5,464.17 TRY
Mar,Ankara,In-Store,Latte,Medium,Yes,99.05,10,0.146,45.2,194,11.3,840.62 TRY
Nov,Eskisehir,Online,Espresso,DARK,No,77.09,3,0.08,29.93,105,14.0,189.15 TRY
Oct,Ankara,In-Store,Filter,Medium,No,74.52,15,0.02,29.86,243,16.0,1138.66 TRY
Jan,Antalya,In-Store,Filter,Light,No,68.37,11,0.027,29.86,176,10.5,701.20 TRY
Sep,ankara,Online,Cold Brew,Medium,No,103.18,3,0.085,45.48,129,18.4,287.47 TRY
Feb,Izmir,In-Store, Latte,Medium,No,101.11,16,0.046,47.32,190,12.6,1555.34 TRY
Sep,Bursa,Online,Latte,Medium,No,93.18,5,0.087,38.18,150,22.7,425.03 TRY
Oct,Izmir,In-Store,Filter,Medium,No,72.31,13,0.012,35.07,186,18.9,897.40 TRY
 Feb,Eskisehir,Delivery,Americano,Medium,No,78.47,4,0.045,29.88,83,5.5,274.79 TRY
Jun,Ankara,Online,Espresso,Medium,No,73.7,11,0.038,26.9,187,20.8,792.96 TRY
Feb,Bursa,Delivery,Latte,Light,Yes,90.66,4,0.122,39.77,92,6.8,298.90 TRY
Jul,Ankara,In-Store,Cappuccino,NA,no,91.54,8,0.008,36.18,186,22.1,674.66 TRY
Dec,Ankara,In-Store,Cappuccino~,Medium,No ,94.52,14,0.043,39.62,217,8.2,1276.05 TRY
Jan,Ankara,In-Store,Espresso,light, No,78.52,11,0.028,32.83,203,3.8,817.72 TRY
May,Istanbul,In-Store,Latte,Light,No,98.83,14,0.021,43.09,333,21.3,1370.34 TRY
Dec,Istanbul,In-Store,Americano,Light,No,75.47,21,0.026,30.01,258,7.6,1538.62 TRY
APR,Bursa,In-Store,Americano,Light,No,76.79,5,0.027,33.12,155,13.2,367.34 TRY
Feb,Bursa,In-Store,Espresso,Medium,No ,81.56,7,0.026,33.62,134,4.1,557.38 TRY
Jun,Bursa,In-Store,Cappuccino,L1ght,No,82.53,13,0.018,36.87,173,25.0,1025.12 TRY
Jul,Istanbul,In-Store,Filter,Medium,No,72.76,25,0.027,30.2,332,25.2,1749.25 TRY
Aug,Ankara,In-Store,Cappuccino,Dark!,No,95.65,17,0.014,39.2,236,24.0,1596.79 TRY
Apr,Istanbul,In-Store*,Mocha,Dark,No,106.47,16,0.047,44.54,284,14.0,1594.85 TRY
Dec,Antalya,Online,Cold Brew,L1ght,Yes ,117.92,4,0.155,51.54,165,12.7,416.42 TRY
Jul,Antalya,In-Store,Cappuccino,Medium,Yes,89.07,18,0.178,34.87,261,28.1,1310.20 TRY
Apr,Istanbul ,In-Store,Cold Brew,Medium,No,109.04,9,0.064,45.28,259,13.5,882.32 TRY
Dec,Bursa,In-Store,Mocha,Dark, No,103.9,7,0.04,47.81,145,9.1,684.23 TRY
Dec,Istanbul,Online,Latte,Dark,No,92.22,14,0.063,37.94,196,7.2,1212.27 TRY
Jun,Istanbul,In-Store,Espresso,Light,Yes,75.21,15,0.157,34.41,302,23.6,939.88 TRY
Jan ,Istanbul,In-Store~,Espresso,Light,No,75.74,7,0.03,32.13,210,6.3,524.27 TRY
Aug,ankara,Delivery,Filter,Medium,Yes~,77.14,12,0.138,32.31,178,24.7,812.29 TRY
Jul,Bursa,In-Store,Cold Brew,Dark,No,111.46,5,0.061,48.09,189,24.4,583.35 TRY
Feb,Eskisehir,Delivery,Filter,Dark,No,73.83,6,0.1,33.28,85,4.4,427.45 TRY
Aug,Istanbul,Online,Filter,Light,no,67.39,17,0.058,28.3,246,29.0,1038.27 TRY
Nov,Izmir,In-Store,Espresso,Medium,No,80.86,12,0.038,32.59,178,12.4,924.44 TRY
Feb,Bursa,In-Store,Cold Brew~,Light,No,122.1,6,0.054,54.12,164,5.8,686.37 TRY
Sep,Eskisehir,Online,Latte, Medium,No,92.77,3,0.036,37.45,98,17.7,282.67 TRY
Feb,Bursa,Delivery,Cold Brew,Dark,Yes ,113.4,4,0.136,47.76,68,8.4,368.57 TRY
Sep,Istanbul,In-Store,Espresso,Medium,No,72.81,15,0.033,28.34,292,22.8,1042.83 TRY
Jun,Bursa,In-Store,Americano,light,No,73.45,18,0.061,31.55,216,21.8,1210.34 TRY
Jan,Ankara,In-Store,Cold Brew,Medium,NO,108.15,7,0.026,47.58,152,4.2,722.31 TRY
Dec,Eskisehir,In-Store,Cold Brew,Medium,No,104.86,10,0.065,48.24,152,3.1,966.32 TRY
Feb,Ankra,Online,Latte,Dark,No,92.94,8,0.066,39.98,159,2.9,686.62 TRY
Aug,Bursa,In-Store,Cappuccino, Medium,No,95.11,7,0.018,41.1,114,23.6,624.12 TRY
Mar,Istanbul,Online,Cappuccino,Dark,Yes,96.99,13,0.118,41.48,203,7.9,1136.64 TRY
Dec,Ankara,Delivery,Filter,Medium,Yes,72.36,8,0.166,28.51,167,8.7,494.59 TRY
Sep,Eskisehir,Online,Cappuccino,Light,No,78.17,7,0.124,33.6,102,19.0,443.12 TRY
Oct,Bursa,In-Store,Latte,Medium,No,98.35,3,0.026,43.14,132,17.4,288.03 TRY
Jun,Ankara,Online,Latte,Light,Yes,89.8,8,0.114,38.25,156,20.3,597.37 TRY
Jun,Eskisehir,Delivery,Cappuccino,Medium,Yes~,84.09,1,0.141,35.4,110,23.0,105.79 TRY
AUG,Antalya,Delivery,Latte, Medium,Yes,103.85,10,0.117,45.43,163,29.4,957.35 TRY
Oct,Ankara,In-Store,Cappuccino,Light,No,91.1,15,0.039,37.95,186,15.1,1311.81 TRY
Nov,Izmir,In-Store,Cold Brew,Light!,No,99.3,6,0.052,42.87,160,14.6,543.50 TRY
Jan,Izmir,IN-STORE,Filter,Light, Yes,65.7,17,0.124,24.98,198,13.2,961.80 TRY
Aug,bursa,Delivery,Filter,Light,No,69.56,4,0.046,29.36,102,27.8,254.10 TRY
Feb,Ankara,Online,Latte ,Dark,YES,95.94,6,0.13,41.57,86,3.8,498.14 TRY
Apr,Istanbul#,In-Store ,latte,Dark,No,96.94,13,0.079,41.58,310,15.4,1194.92 TRY
Oct,ESKISEHIR,In-Store,Mocha,L1ght,Yes,91.67,8,0.151,39.85,133,18.8,646.51 TRY
Apr,Eskisehir,In-Store,Cold Brew,Dark,No,110.91,8,0.015,51.38,126,8.2,898.25 TRY
Oct ,Antalya,Online,Latte,Medium,No,93.13,9,0.073,41.35,141,19.8,781.25 TRY
Jun,Eskisehir,In-Store ,Mocha,Dark, No,100.17,6,0.118,44.01,162,21.0,501.26 TRY
Mar,Antalya,In-Store,Cold Brew, Medium,Yes,107.55,12,0.146,46.18,169,13.7,1082.92 TRY
May,Antalya,Delivery,Mocha,Medium,No,100.59,7,0.076,45.53,168,22.8,652.13 TRY
Jul,Antalya,Online,Cold Brew,Medium,Yes,113.02,7,0.133,44.94,149,28.9,655.89 TRY
Oct,Izmir,In-Store,Americano,Dark,No,83.01,10,0.034,37.29,175,22.3,809.48 TRY
Aug,Ankara,In-Store,Latte,Medium,Yes,97.69,12,0.074,39.24,178,22.2,1105.66 TRY
Dec,Istanbul,Delivery,Latte,Medium,No,99.87,11,0.062,41.11,237,7.6,1044.09 TRY
Nov,Bursa,Online,Espreso,Medium,No,67.82,2,0.1,27.46,100,13.6,134.71 TRY
Oct~,Ankara,In-Store,Filter,Medium,No,74.44,16,0.023,35.61,215,14.9,1116.99 TRY
Aug,Istanbul,In-Store,Latte,Dark,No,92.91,10,0.024,45.16,335,25.0,940.14 TRY
Apr,Izmir,In-Store,Espresso,Medium ,Yes,81.01,15,0.086,35.44,196,13.8,1071.46 TRY
May,Ankara,In-Store,Cold Brew,Medium ,No,114.28,6,0.01,51.0,213,16.5,675.00 TRY
Feb,Istanbul,ONLINE,Mocha,Medium,Yes,104.44,8,0.11,42.23,189,5.5,759.08 TRY
May,Antalya ,In-Store,Cold Brew,Medium,No,109.25,6,0.034,48.38,184,23.9,642.18 TRY
Dec,Antalya,In-Store,Cappuccino,Medium,no,88.73,15,0.061,36.17,164,9.7,1217.82 TRY
Jun,Istanbul,Online,Filter,Dark,Yes,71.16,21,0.108,28.97,236,25.6,1305.51 TRY
Feb,Istanbul,Delivery,Cappuccino,DARK,No,92.82,9,0.054,40.22,164,7.2,797.45 TRY
Aug,Ankara,Online,Latte,Medium,Yes,88.15,13,0.128,37.84,213,25.4,1012.04 TRY
Dec,Antalya,In-Store,Espresso, Medium,Yes,79.58,17,0.107,35.16,NA,15.4,1180.42 TRY
Nov,Antalya,In Store, Mocha,Medium,No,104.6,12,0.053,42.15,162,15.6,1198.49 TRY
Apr,Istanbul,IN-STORE,Mocha,Light,No,96.8,14,0.059,42.74,270,12.5,1237.36 TRY
Jun,Antalya ,In-Store,Latte,Medium,no,99.7,15,0.041,42.11,225,27.4,1449.79 TRY
Jul,Istanbul,In Store,Latte,Light,No,97.82,19,NA,42.22,329,26.6,1786.30 TRY
Mar,Ankara,In-Store,Cold Brew,Medium,No,115.04,14,0.034,51.23,194,7.8,1557.81 TRY
Apr,Eskisehir,In-Store,Mocha,Light,No,97.28,9,0.069,40.57,139,9.8,812.92 TRY
Mar,Istanbul,Delivery,Americano ,Medium,Yes,91.23,14,0.134,38.65,156,6.0,1135.09 TRY
Dec, Istanbul,Delivery,Filter,Dark,No,79.91,7,0.085,33.94,153,6.9,517.88 TRY
Sep,Ankara,In-Store,Mocha,Medium ,Yes,102.92,13,0.093,43.96,204,21.7,1198.55 TRY
Nov,Bursa,In-Store,Filter,Medium,No,62.85,11,0.032,25.46,152,11.8,678.22 TRY
Oct,Eskisehir,In-Store,Filter,Dark, No,67.51,11,0.003,28.72,128,16.9,793.94 TRY
Dec,Eskisehir ,In-Store,Filter,Medium,No,66.84,14,0.044,26.54,170,9.4,913.09 TRY
Feb,Istanbul,In Store,Cold Brew,Light,No,110.03,5,0.027,48.43,241,8.5,533.82 TRY
Nov,Istanbul,In Store,latte,Medium,No,99.78,14,0.049,43.35,293,14.8,1307.63 TRY
Jan,Antalya,Online,Americano,Medium,No,82.54,9,0.037,33.44,162,12.0,699.96 TRY
Jun,Istanbul,IN-STORE,Latte,Medium,No,99.57,20,NA,46.99,347,27.4,1976.54 TRY
NA,Eskisehir,Delivery,cold brew,Light,No,108.29,1,0.071,48.48,93,28.2,78.46 TRY
May,Bursa,In-Store,Latte,medium,No,90.06,4,0.029,38.86,160,20.4,NA
Feb,Istanbul,In-Store,Filter,MEDIUM,Yes,77.39,20,0.114,32.8,273,8.4,1407.29 TRY
Mar,Antalya,In-Store,Espresso,Medium,No,78.4,11,0.107,30.87,189,14.1,773.88 TRY
Oct,Istanbul,In Store,Cappuccino,Medium,No,88.93,15,0.027,36.48,288,16.9,1270.96 TRY
Apr,Ankra,In-Store*,Latte,Light,No,91.23,7,0.023,39.5,167,11.3,678.37 TRY
Apr,Izmir,Delivery ,Cappuccino,Medium,Yes,88.03,4,0.132,34.48,187,17.7,349.70 TRY
Dec,Izmir,In-Store,Espresso,Dark,No,NA,12,0.052,33.94,162,9.1,890.07 TRY
Feb,Bursa,In-Store,Espresso,Meduim,No,72.21,6,0.037,29.32,79,6.1,449.12 TRY
Nov,Bursa,In-Store,Cold Brew,Medium,No,105.7,4,0.047,45.8,126,6.8,396.25 TRY
Dec,Eskisehir,IN-STORE,Latte,Medium,YES ,98.34,5,0.164,42.13,78,8.9,429.17 TRY
Aug,NA, In-Store,Espresso,Medium,No,67.38,2,0.028,34.22,134,24.1,120.40 TRY
Feb,Izmir,In-Store,Espresso,Dark,No,79.83,14,0.096,33.0,224,10.4,976.44 TRY
Feb,Istanbul,Online,Latte,Medium,Yes,104.75,14,0.128,41.95,173,9.9,1343.59 TRY
Apr,Antalya,In-Store,Americanno, Light,No,84.31,7,0.016,32.21,161,19.1,545.56 TRY
Jul,Eskisehir,In-Store,Mocha, Dark,No,97.87,7,0.014,45.56,166,27.4,682.94 TRY
Feb,Ankara,Online,Cold Brew,Medium,No,102.46,2,0.069,47.76,107,2.5,197.93 TRY
Jun,Izmir,Delivery,Americano,Medium,Yes,79.55,12,0.118,32.05,181,31.3,854.86 TRY
Feb,Ankara,In-Store,Latte,Light,No,90.35,13,0.046,42.31,154,7.2,1118.28 TRY
Jul,Istanbul, In-Store,Espresso,Light,No,73.25,26,0.013,32.25,338,27.4,1877.76 TRY
 Jan,Bursa,In-Store,Cappuccino,Medium,No,85.12,4,0.009,35.37,107,8.4,340.88 TRY
Sep ,Ankara,In-Store,Filter,Light,No,65.69,19,0.009,27.07,276,18.7,1248.87 TRY
Jan,Antalya,In-Store,Latte,Light,No,94.59,10,0.058,41.98,188,9.9,890.99 TRY
Mar,Antalya,online,Filter,Dark,Yes,72.94,15,0.109,33.12,135,17.4,973.13 TRY
Mar,Antalya,In-Store,Americano,Medium,No,77.05,13,0.053,33.16,172,10.8,915.53 TRY
 Oct,NA,Online,Cappuccino,Light,Yes,82.27,12,0.135,33.2,136,16.1,904.30 TRY
Jan,Ankara,In-Store,Latte,Light,No,91.36,5,0.052,39.85,163,5.1,446.44 TRY
Jun,Antalya,Delivery,Latte,Medium*,Yes,100.22,9,0.166,48.06,150,32.4,757.47 TRY
Aug,Antalya,Online,Filter,Medium,No,77.35,17,0.048,32.99,212,28.3,1236.22 TRY
Jul,Izmir,In-Store,Espresso,Dark,NA,77.93,18,0.038,35.25,207,32.7,1324.35 TRY
Sep,Eskisehir,In-Store,Filter,Light,No,58.55,NA,0.04,25.67,92,19.4,246.33 TRY
Oct,Istanbul,IN-STORE,Filter,Light,No,72.67,18,0.066,31.07,244,16.1,1217.73 TRY
May,Eskisehir,Delivery,Latte,Medium,No,98.18,6,0.034,43.42,132,14.1,584.58 TRY
Oct,Istanbul,In-Store,Cappuccino,Medium,No,92.5,14,0.013,40.64,265,14.8,1244.36 TRY
Apr,Istanbul,In-Store,Latte,Medium,Yes,93.15,19,0.087,42.42,276,14.8,1654.54 TRY
Dec,Izmir,In-Store,Americano,Dark,No,89.03,15,0.05,38.81,210,8.3,1291.21 TRY
Jul,Istanbul,Online,Cold Brew,Medium,No ,106.72,11,0.109,45.57,230,28.5,1043.94 TRY
Sep,Istanbul,In-Store,Latte,Medium,No,100.64,21,0.05,45.05,308,21.7,2019.46 TRY
Nov,Istanbul,In-Store~,Filter,Dark,Yes,74.8,11,NA,32.03,237,9.6,749.17 TRY
Oct#,Ankara,Delivery,Mocha,Light,NO,103.4,9,0.07,44.88,163,13.9,832.03 TRY
Nov,Antalya,In-Store,Latte,Dark,No,104.83,4,0.063,52.53,171,17.2,434.85 TRY
Jul,Istanbul,Onl1ne,Mocha,Medium ,Yes,103.25,7,0.133,42.35,242,26.4,638.71 TRY
Jan,Bursa,In-Store,Latte,Medium,Yes,90.77,12,0.119,41.86,155,5.6,942.02 TRY
Jun,Antalya,In-Store,Filter,dark,No,77.42,13,0.024,31.57,243,29.9,954.89 TRY
Mar,Istanbul,DELIVERY,Americano,Medium,Yes,84.48,11,0.16,35.74,192,12.2,805.27 TRY
Nov,Istanbul,Online,Filter,Medium#,No,71.65,13,0.059,35.23,180,11.4,881.77 TRY
Mar,Antalya,Online,Cold Brew,Medium,Yes,104.83,4,0.126,44.2,176,12.4,378.55 TRY
Mar,Antalya,In-Store,Filter,Medium,No,67.87,14,0.073,27.06,197,14.7,881.48 TRY
Mar,Izmir,In-Store,Latte,Medium,No,96.21,8,0.067,42.3,162,NA,693.04 TRY
Aug,Antalya~,In-Store*,Cold Brew ,Light,No,111.47,7,0.049,47.35,211,28.6,754.77 TRY
Jul,Istanbul,IN-STORE,Cappuccino,Medium,No,86.19,24,0.049,37.97,355,25.2,1962.26 TRY
Dec,Ankara,In-Store,Cold Brew,Medium,No,110.99,2,0.085,NA,202,4.6,202.57 TRY
May,Antalya,In-Store,Espresso,Medium,Yes,73.72,14,0.142,32.27,203,23.1,944.95 TRY
Apr ,Istanbul,In-Store,Cappuccino,Light,No,96.12,16,0.031,37.71,280,12.5,1511.97 TRY
Jan,Antalya,In-Store,Latte,Medium,No,95.59,6,0.019,38.45,186,11.9,585.81 TRY
Jan ,Izmir,In-Store,Cappuccino,Light,No,84.51,6,0.02,35.04,161,5.3,564.93 TRY
May,Antalya,In-Store,cappuccino,Light,No!,90.3,11,0.058,34.79,235,20.3,945.30 TRY
Dec,Izmir,Delivery,Cold Brew ,Medium,No,111.34,4,0.06,52.03,168,9.8,421.63 TRY
Jul,Ankara,In-Store,Americano,Light,No,82.08,11,0.049,31.41,253,24.6,841.66 TRY
Nov,NA,IN-STORE,Cold Brew,Medium,Yes,113.0,18,0.151,47.64,287,9.1,1715.55 TRY
Feb,Istanbul, Online,Espresso,Medium,No#,75.39,11,0.05,32.49,180,5.8,736.65 TRY
Feb,Antalya,Delivery,Cold Brew ,Medium,No,118.37,4,0.044,50.91,144,10.7,472.41 TRY
Nov,Istanbul,In-Store,Cold Brew,Dark,No,109.98,9,0.068,46.45,280,11.2,890.84 TRY
Feb,Istanbul,In-Store,Cappuccino,Dark,No,88.84,20,0.01,42.28,266,7.3,1781.60 TRY
Jan,Istanb ul,In-Store,Mocha,Medium,No,104.63,11,0.036,44.03,271,4.7,1108.42 TRY
May,Istanbul,In-Store,Filter,Dark,No,69.6,23,0.043,29.54,314,22.0,1535.17 TRY
Dec,Antalya,Online,Cold Brew,Dark,No,106.6,2,0.081,47.55,196,13.5,194.87 TRY
Sep,Ankara,Delivery,Cappuccino,Medium,Yes,96.35,11,0.148,41.89,145,19.4,937.64 TRY
NA,Eskisehir,In-Store, Latte,medium,No,94.1,6,0.061,42.33,115,4.7,560.40 TRY
Nov,Istanbul,Online ,Cold Brew,Light,No,103.98,5,0.065,44.1,187,12.2,485.38 TRY
Nov,Bursa,In-Store,Americano,Meduim,No,75.52,8,0.071,31.07,130,13.9,538.79 TRY
Oct,Ankara,In-Store,Cold Brew,Medium,Yes,105.39,6,0.092,45.92,148,13.8,597.26 TRY
Nov,Ankara,Online,Cappuccino,Light,No,92.11,6,0.091,40.18,174,11.5,478.00 TRY
Mar,Eskisehir,IN-STORE,Cold Brew,NA,No ,110.62,3,0.015,46.34,102,7.6,288.01 TRY
Dec,Eskisehir,In-Store,Espresso,Dark,No,71.32,8,0.053,34.7,143,8.5,552.78 TRY
Apr#,Eskisehir,In-Store,Espresso, Medium,No,74.3,7,0.022,29.69,104,14.1,539.12 TRY
Oct, Istanbul,NA,Filter,Light,No,69.58,17,0.071,29.21,221,17.4,1088.75 TRY
Jul,Istanbul,IN-STORE,Filter,Light,No,68.31,24,0.028,26.37,311,26.5,1603.65 TRY
Oct,Bursa,In-Store,Filter,Medium,NO,68.42,5,0.033,26.14,119,17.5,320.42 TRY
Aug,Ankara,In-Store,Filter,Dark,No,71.81,15,0.048,29.13,241,24.6,1043.50 TRY
Aug,Antalya,In-Store,Cappuccino,Medium,No,91.61,10,0.065,36.54,215,34.9,883.93 TRY
AUG,Izmir,In-Store,Americano,Medium,No ,81.99,9,0.049,33.61,201,29.7,695.18 TRY
Oct,Izmir,Online,Espresso,Light,Yes,NA,10,0.132,28.41,140,18.7,601.96 TRY
Sep,Antalya,Online,Latte,Light,No,92.35,6,0.058,42.03,175,26.6,485.54 TRY
Feb,Bursa,Delivery ,Americano,Medium#,Yes,80.82,6,0.107,32.38,76,4.1,456.18 TRY
Oct,Istanbul,Online,FIlter,Dark,Yes,70.29,21,0.122,28.44,182,18.1,1267.59 TRY
Jul,Istanbul,In-Store,Espresso,Medium,No,78.93,15,0.063,32.36,330,25.4,1118.66 TRY
Apr,Bursa,In-Store,Espresso,Medium,no,74.64,9,0.065,33.33,164,15.7,647.53 TRY
Jul,Izmir,In-Store,Americano,Medium,No!,81.79,16,0.048,34.78,253,NA,1233.29 TRY
Dec,istanbul,In-Store,Americano,Medium ,No,78.29,19,0.03,32.68,250,8.3,1438.73 TRY
Nov,Ankara,Delivery,Americano,Medium,No,79.0,NA,0.062,30.31,132,12.3,617.79 TRY
Nov,Antalya,Online,Mocha,Medium,No,101.6,5,0.069,42.42,162,12.2,452.74 TRY
Jun,Antalya,Delivery,Cappuccino,Medium,No,101.89,6,0.134,40.24,219,32.5,506.68 TRY
Oct,Izmir,In-Store,LATTE,Medium,Yes,96.61,11,0.078,45.12,156,18.6,973.96 TRY
May,Ankara,In-Store,Filter,Dark,No,68.35,11,0.052,30.45,195,17.3,744.70 TRY
 Sep,Istanbul!,In-Store,Latte,Medium,Yes,98.9,13,0.099,41.79,305,24.1,1198.68 TRY
Aug,Izmir,In-Store,Mocha,Light,Yes,94.45,15,0.099,40.43,202,31.0,1274.02 TRY
Mar,Ankara,In-Store,Cappuccino,Light,Yes,92.24,9,0.11,37.09,169,8.5,721.04 TRY
Apr,Izmir,In-Store,Espresso,Medium,No,76.75,5,0.011,30.46,192,18.5,406.13 TRY
Jan,Bursa,In-Store,Cappuccino,Medium,No ,85.32,11,0.017,36.76,173,6.5,880.83 TRY
Feb,Istanbul ,Delivery,Filter,Medium,No,76.33,8,0.068,31.48,150,10.5,575.31 TRY
Jun,Istanbul,In-Store,Mocha,Medium,No,100.89,18,0.03,48.55,355,25.0,1760.44 TRY
Jun,Istanbul,In-Store,Americano, Medium,No,88.25,15,0.054,39.57,307,27.9,1284.61 TRY
Feb,Eskisehir*,Online,Latte,Medium,Yes,89.19,5,0.123,41.86,99,6.3,425.97 TRY
Jun,Bursa,In-Store,Cold Brew,Medium,No,108.62,9,0.09,49.14,NA,19.9,866.03 TRY
Aug,Istanbul,Delivery,Mocha,Medium,No,NA,11,0.059,47.24,257,32.2,1135.45 TRY
Mar,Eskisehir,Online,Latte,Medium,No,87.04,8,0.073,39.49,88,6.4,631.22 TRY
May,Izmir,In-Store,Filter,Light,Yes,69.77,28,0.083,28.61,215,24.5,1784.08 TRY
May,Izmir,Online,Mocha, Medium,Yes,100.1,10,0.12,47.3,142,21.6,896.31 TRY
Jul,Eskisehir,Online,Mocha,Dark,No,89.78,7,0.083,41.21,137,26.6,567.93 TRY
May,Istanbul,Online,Americano,Dark, Yes,83.01,11,0.13,36.22,215,17.6,799.25 TRY
Sep,Istanbul,Online,Espresso,Medium,No,75.82,12,0.065,32.1,243,24.3,874.63 TRY
Apr,Izmri,Online,FILTER,Medium,No,69.52,7,0.135,32.68,103,16.0,458.82 TRY
Jun,Istanbul,In-Store,Latte,MEDIUM,Yes,98.14,22,0.104,40.31,295,27.2,1941.75 TRY
May,Bursa,In-Store,Cappuccino,Medium,Yes,89.04,4,0.095,41.07,124,19.4,325.27 TRY
Mar,Istanbul,Online,Latte,Medium~,No,101.35,12,0.098,44.22,194,11.9,1069.33 TRY
sep,Istanbul,Delivery,Espresso,Dark,No,78.28,11,0.07,30.85,179,18.7,840.45 TRY
Mar ,Istanbul,In-Store,Cold Brew,Light,No,109.63,7,0.051,46.73,241,9.8,740.66 TRY
Apr,Ankara,Online,Americano,Light,No,77.67,5,0.055,29.32,124,12.8,370.40 TRY
 Oct,Istanb ul,In-Store,Cold Brew,Light~,Yes,112.92,16,0.093,50.99,312,17.4,1640.82 TRY
Dec,istanbul,Online,Latte,Light,No,95.84,10,0.06,40.09,185,9.9,909.91 TRY
Sep,Antalya,Delivery,Americano,Dark,No,98.01,5,0.051,42.48,123,26.8,484.35 TRY
Nov,Ankara,In-Store,Espresso,Medium,Yes~,76.46,15,0.134,34.38,192,10.1,1015.60 TRY
Nov ,Ankara,In-Store,Cold Brew,Medium,No,113.52,10,0.087,48.6,229,12.4,1076.71 TRY
Jun,Istanbul,In-Store,Americano,Medium,No,81.77,21,0.066,33.81,308,19.4,1609.90 TRY
Oct,Ankara,In-Store,Espresso,Medium,No,70.03,20,0.002,26.81,199,16.2,1441.65 TRY
APR,Istanbul,In-Store,cold brew,Medium,No,111.74,14,0.008,48.39,310,13.3,1578.29 TRY
Jun,Bursa,In-Store,Cappuccino,Light,No,88.85,8,0.007,42.47,191,21.7,704.32 TRY
Jul,Istanbul,In-Store,Cappuccino,Medium,Yes,94.63,26,0.12,41.3,343,27.7,2123.45 TRY
Dec,Eskisehir,In-Store ,Americano,Light,No,76.61,7,0.062,31.65,124,8.0,505.16 TRY
Nov,Eskisehir,In-Store,Filter,Dark,No,67.14,11,0.05,27.65,139,11.6,740.57 TRY
Jun,Istanbul,Online,Americano,Light,No,77.5,10,0.05,32.46,203,23.7,716.87 TRY
Aug,Istanbul,Online,Americano,Medium,No,80.28,12,0.058,33.98,230,28.8,909.55 TRY
Mar,Istanbul,Online,Cappuccino,Dark,No,94.9,13,0.054,39.97,231,11.7,1171.21 TRY
Oct,Bursa,Online,Americano,Light,Yes,77.36,5,0.111,33.55,143,16.3,367.42 TRY
Jul#,Istanbul,Online,Cappuccino,Light,Yes,84.98,15,0.194,33.78,258,25.6,1017.71 TRY
Jul,Antalya,In-Store,Espresso,Dark,Yes,81.05,15,0.1,32.93,184,30.2,1072.44 TRY
Oct,Antalya,In-Store,Espresso,Medium,Yes,74.4,9,0.084,31.99,164,23.2,627.60 TRY
Aug,Antalya,In-Store,Cappuccino,Medium,No,93.88,16,0.024,37.09,212,31.4,1447.45 TRY
Jan,IZMIR,In-Store,Filter,Light,No,68.23,9,0.046,30.11,159,6.4,539.94 TRY
Apr,Eskisehir,In-Store,Espresso,Medium,No,78.26,6,0.047,32.84,105,8.1,493.50 TRY
Mar,Istanbul,Delivery,Americano,Medium,No,85.33,8,0.045,32.18,189,11.7,675.10 TRY
Sep,Ankara,Online,Filter,Dark,No,68.71,10,0.054,29.76,203,19.9,697.08 TRY
Jan,Ankara,In-Store,Filter,Meduim,Yes,71.43,20,0.142,26.63,191,4.7,1247.59 TRY
Mar,Eskisehir,In-Store,MOCHA,Dark,No,94.5,5,0.035,43.91,135,10.0,472.97 TRY
Aug,Izmir,In-Store,Americano,Medium,No,80.71,8,0.043,33.4,187,26.9,627.15 TRY
Sep,Antalya,Online,Cappuccino,Light,No,86.93,3,0.051,40.21,114,27.4,242.84 TRY
Jul,Istanbul!,Online,Americano,MEDIUM,No,78.94,7,0.038,35.3,217,26.7,544.38 TRY
Nov,Eskisehir,In-Store,Espresso,Light,Yes,68.24,4,0.12,26.54,85,10.3,226.37 TRY
Dec,Izmir,In-Store,Cappuccino,Medium,No,95.45,13,0.059,36.05,187,13.0,1140.91 TRY
Feb,Izmir,In-Store,Latte,Medium,Yes,93.61,8,0.111,39.68,167,6.8,657.45 TRY
Dec,Eskisehir,In-Store,Cappuccino,Medium ,No,89.27,4,0.045,35.05,114,6.6,373.30 TRY
Aug,Ankara,Delivery,Latte,Medium,Yes,99.26,17,0.104,47.33,182,27.1,1481.12 TRY
Aug,Ankara,Online,Americano,Medium,Yes,71.41,13,0.137,29.97,214,24.6,770.74 TRY
Feb,Izmir,In-Store,Cappuccino,Medium,Yes,93.08,16,0.122,40.96,208,9.2,1322.37 TRY
Aug,Istanbul,In-Store,Cold Brew, Medium,No,107.35,16,0.011,46.66,346,27.8,1688.33 TRY
Sep,Ankara ,In-Store,Filter,Medium,No,71.51,13,0.033,29.67,209,21.7,NA
Jul,Istanbul,In-Store ,Cappuccino,Light,No,88.97,18,0.086,37.3,NA,28.2,1488.48 TRY
Feb,Istanbul,In-Store,Latte,Medium,no,98.03,7,0.074,45.35,276,8.1,646.97 TRY
Jul,Antalya,In-Store,Americano ,Medium,Yes,76.82,8,0.152,32.89,181,29.5,505.34 TRY
Dec,Izmir,DELIVERY,Espresso,Medium,No,80.49,8,0.089,31.69,175,12.5,618.68 TRY
Sep,Ankara,In-Store,mocha,Light,No,100.71,6,0.038,47.56,202,23.3,599.85 TRY
Feb,Ankara,In-Store,Americano,Meduim,Yes,75.77,4,0.174,31.24,161,5.4,251.01 TRY
Dec,Ankara,In-Store,Cappuccino,Medium,No,86.57,11,0.091,35.45,189,3.0,865.07 TRY
Dec,Bursa,In-Store,Latte,Medium,Yes,94.82,14,0.122,36.06,157,7.3,1174.88 TRY
Mar,eskisehir,Online,Americano,Dark,Yes,77.92,3,0.121,34.77,68,7.9,197.68 TRY
Oct,Eskisehir,In-Store, Espresso,Dark,No,63.26,12,0.01,27.4,127,12.2,710.75 TRY
May,Ankara,Online,Cappuccino,Light,No,93.06,7,0.075,39.29,173,16.3,621.32 TRY
Aug,Ankara,Online,Filter,Medium,Yes,69.11,15,0.128,28.22,181,22.2,921.23 TRY
Jun,Ankara,In-Store,Latte,Medium,No,96.79,15,0.039,41.44,240,23.2,1337.70 TRY
Oct,Izmir,In-Store,Cappuccino,Dark,No,91.43,10,0.067,38.58,173,19.8,865.81 TRY
Dec,Izmir,Delivery!, Espresso,Light, Yes,70.58,12,0.137,30.57,153,7.2,774.84 TRY
Oct,Bursa,In-Store,Latte,Medium,Yes,95.7,17,0.101,43.39,174,17.2,1434.39 TRY
Dec,Izmir,In-Store,Espresso,Medium,No,73.74,13,0.025,30.51,208,10.4,932.82 TRY
Dec,Ankara,Delivery,Latte,Medium,No,100.18,11,0.089,45.98,162,7.0,999.35 TRY
Feb,Ankara,Delivery,Cold Brew,Medium,No,112.12,9,0.068,49.17,154,4.2,981.97 TRY
Apr,Ankara,In-Store,Cappuccino,Medium,No,89.95,10,0.035,36.77,222,10.4,896.04 TRY
Sep,Istanbul,In-Store,Americano,Light,Yes,77.9,25,0.149,33.11,359,21.5,1635.36 TRY
Aug,Istanbul,In-Store,Espresso,Medium,No,81.46,16,0.019,31.49,355,25.9,1287.15 TRY
Jan ,Antalya,Online ,Espresso,Dark,No,71.25,8,0.085,31.1,130,10.5,579.12 TRY
Feb,Ankara,In-Store,Cappuccino,Dark,Yes,98.98,7,0.088,39.48,152,5.3,616.27 TRY
Jul,Istanbul,In-Store,Filter,MEDIUM,No,81.95,15,0.042,32.36,324,26.6,1177.34 TRY
Aug,Izmir,Online,Americano,medium,Yes,85.53,7,0.106,31.89,152,28.7,548.08 TRY
Mar,Antalya,Delivery,Latte,Light,No,104.1,7,0.09,45.45,149,13.8,647.87 TRY
Mar,Istanbul,Online,Mocha,Dark,No,101.66,2,0.138,48.97,181,15.0,219.34 TRY
Feb,Antalya,In-Store,Espresso,Medium,No,81.67,14,0.021,34.07,198,10.0,1107.55 TRY
Jul,Eskisehir,In-Store,Espresso,Medium,No,71.62,4,0.024,31.37,129,23.4,244.88 TRY
Jan,Izmir,DELIVERY,Cappuccino,Dark,No,89.79,3,0.041,43.31,86,15.1,245.20 TRY
jul,Bursa,Delivery,Mocha,Light,Yes,106.01,8,0.153,47.45,131,27.3,734.65 TRY
Jun,Istanbul,In-Store,Cappuccino,Medium,No,97.52,8,0.041,39.43,292,21.2,728.22 TRY
Jun,Eskisehir,Online,Mocha,Light,No,92.87,5,0.061,39.61,87,23.2,443.58 TRY
NA,Ankara,In-Store,Filter,Light,Yes,62.1,20,0.126,26.08,196,19.2,1099.57 TRY
Jul,Eskisehir,In-Store,Cold Brew,Medium,No,104.66,4,0.032,44.78,146,26.3,375.02 TRY
Sep,Izmir,In-Store,Filter,MEDIUM,No,63.72,11,0.057,25.65,194,25.1,646.88 TRY
Oct,Istanbul,In-Store,Cold Brew,Dark,No,117.78,13,0.03,54.97,258,16.1,1493.93 TRY
Dec,Istanbul,In-Store,Filter,Medium,No,66.59,20,0.11,30.02,267,11.2,1202.86 TRY
Oct,Bursa,Online,Cold Brew,Dark,No,108.15,2,0.04,45.37,111,17.6,194.18 TRY
Jul,Izmir,in-store,Mocha,Medium,No,97.63,10,0.033,41.32,246,31.4,947.88 TRY
Jun,Istanbul,In-Store,Cold Brew,Medium,Yes,107.29,15,0.119,46.28,354,24.9,1410.74 TRY
Mar,Antalya,In-Store,Filter,Dark,No,73.95,12,0.065,33.0,186,13.6,847.92 TRY
Aug,Antalya,In-Store!,Latte,Medium,Yes,95.66,17,0.093,44.38,236,32.7,1487.97 TRY
Feb,Izmir,In-Store,Mocha,Medium,Yes,104.35,13,0.112,51.32,156,11.9,1195.28 TRY
Dec,Izmir,In-Store,Latte,Light,No,88.93,5,0.04,38.2,195,10.8,438.83 TRY
NOV,Istanbul,In-Store,Filter,Medium,No,NA,15,0.083,28.56,269,15.6,952.12 TRY
 Feb,Antalya,Online,Cappuccino,Dark,No,81.45,4,0.054,36.2,161,13.2,319.64 TRY
Oct,Ankara,Delivery,Cold Brew,Medium,Yes,104.26,2,0.141,44.51,102,15.4,190.90 TRY
Feb,Eskisehir,In-Store,Cold Brew,Medium,No,114.19,4,0.025,49.96,113,5.0,504.62 TRY
Sep,Ankara,Delivery,Filter,Light,Yes,79.33,11,0.125,32.49,169,21.3,755.14 TRY
Feb,Izmir,Delivery,Americano,Medium,Yes,85.37,NA,0.14,30.61,117,7.0,657.23 TRY
Jun,Istanbul,Online,Mocha,Medium,No,97.7,8,0.111,43.23,214,23.8,678.66 TRY
Aug,Istanbul,Online,Cold Brew,Medium,Yes,109.81,6,0.153,47.95,212,27.4,532.23 TRY
Sep,Antalya,Online,Filter,Medium,No,73.49,NA,0.066,33.41,175,26.7,606.35 TRY
Jun,Izmir,Online,Filter,MEDIUM,No#,66.94,4,0.063,28.13,138,27.2,267.52 TRY
Dec,NA,Online,Latte,Dark,No,95.95,8,0.064,40.67,93,10.5,736.91 TRY
Oct,Eskisehir,In-Store,Latte,Medium,No,91.95,14,0.009,39.94,158,16.0,1283.11 TRY
MAR,Eskisehir,Delivery,Americano,Medium,No,78.72,4,0.051,28.88,108,8.8,291.43 TRY
Sep,Antalya!,In-Store,Filter,Light*, No,67.9,10,0.061,26.1,204,27.8,625.25 TRY
Sep,Istanbul,Online, Americano,Medium,No,82.17,7,0.047,35.78,195,20.3,525.24 TRY
May,Izmir,In-Store,Mocha,Medium,no,97.09,13,0.029,42.22,194,25.1,1211.64 TRY
Sep,Eskisehir,In-Store,cold brew,Medium,No,108.81,12,0.042,49.72,176,20.2,1218.50 TRY
Nov,Ankara,In-Store,Latte,Light,No,90.11,9,0.066,35.71,145,9.8,791.41 TRY
Oct,Istanb ul,In Store,Americano, Dark,Yes,84.51,16,0.12,35.85,234,16.3,1235.83 TRY
Oct,Antalya,In-Store,Americano,Light,Yes,85.54,18,0.095,34.98,177,20.5,1345.05 TRY
Aug,izmir,In-Store,Filter,Medium,Yes,70.33,21,0.106,31.45,217,32.6,1327.61 TRY
Apr,Izmir,In-Store,Latte!,Dark,No,100.68,10,0.022,46.65,174,19.3,991.47 TRY
Oct,Eskisehir,In-Store,Espresso,Medium, No,64.83,5,0.029,28.51,152,15.4,319.97 TRY
May,Bursa,In-Store,Mocha,Dark,No,97.12,11,0.021,46.79,185,18.3,1031.07 TRY
Jul,NA,Delivery,Americano,Medium,No,83.11,11,0.071,34.17,188,26.2,874.86 TRY
Apr,Ankara,In-Store,Filter,Dark,No,77.69,6,0.045,36.08,216,12.1,455.43 TRY
Apr, Ankara,In-Store,Cappuccino,Medium ,No,81.16,7,0.046,32.0,208,11.6,567.84 TRY
Feb,Istanbul,In-Store,AMERICANO,Medium,No,82.62,14,0.014,32.54,242,7.7,1122.05 TRY
DEC,Antalya,In-Store,Espresso, Light,No,80.83,8,0.051,35.45,162,11.6,579.08 TRY
 Feb,Antalya,In-Store,Latte,Medium,No,93.86,14,0.02,38.29,144,12.0,1298.63 TRY
Feb,Ankara,Online,Latte,Light,No,89.15,3,0.047,40.37,97,5.4,230.81 TRY
Dec,Ankara,Delivery,Cold Brew,Dark,No,115.33,4,0.066,52.1,148,7.2,457.24 TRY
Jul,Eskisehir,In-Store,Latte,Light,No,90.74,7,0.044,42.07,169,23.3,554.07 TRY
Jun,Istanbul,Online,Cappuccino,Light,Yes,95.26,10,0.158,39.89,203,25.4,790.38 TRY
Sep,Izmir, In-Store, Americano,Dark,No,83.79,10,0.017,36.14,195,23.7,808.26 TRY
May,Izmir,In-Store,Americano,Medium!,Yes,86.31,11,0.091,37.27,172,20.4,854.70 TRY
Feb, Bursa,In-Store,Filter,Medium,Yes,66.56,4,0.14,26.63,102,5.4,235.49 TRY
Sep,Istanbul,In-Store,Americano,Medium,No,80.04,14,0.009,NA,276,20.9,1120.38 TRY
Mar,Bursa,IN-STORE,Filter,Light,No,65.1,7,0.019,28.29,112,11.5,463.04 TRY
Jul,Ankara,Online,Capuccino,Light,No,80.36,10,0.064,33.69,194,23.1,771.04 TRY
dec, Bursa,Online,Espresso,Medium,No,72.93,9,0.083,29.82,107,6.1,597.60 TRY
Dec,Istanbul,In-Store,Americano,Medium ,No,81.46,10,0.12,34.05,300,10.5,769.57 TRY
May,Izmir ,In-Store,Espresso*,Light,No,71.31,11,0.026,33.14,183,20.4,798.69 TRY
oct,Izmir,In-Store,Cold Brew,Light,No,110.99,8,0.027,47.95,171,19.1,856.15 TRY
Aug,Istanbul,In-Store,Latte,Medium,no,93.43,16,0.041,40.17,370,NA,1430.17 TRY
Jun,Istanbul,In-Store,Cappuccino,Medium,No,96.08,22,0.037,36.94,278,25.7,2027.22 TRY
Feb,Istanbul,Onl1ne,Mocha,Light,No,97.09,9,0.035,42.63,214,8.7,852.31 TRY
May,ankara,Delivery,Mocha,medium,No,107.64,9,0.057,48.68,203,18.5,889.24 TRY
Aug,Istanbul,In-Store,Filter,Medium!,No,71.43,24,0.034,31.67,346,28.1,1636.29 TRY
Dec,Eskisehir,In-Store,Filter,Light,No,67.53,11,0.092,28.58,129,5.6,620.31 TRY
Jan,Ankara,Online,Mocha,Medium,No,97.72,12,0.049,44.91,171,3.0,1105.21 TRY
Sep,Antalya,Online,Cold Brew,Dark,No,113.98,9,0.053,52.75,146,25.9,998.07 TRY
Nov,Eskisehir,In-Store,COLD BREW,Medium,No,107.44,4,0.077,49.5,110,12.1,392.87 TRY
Dec,Istanbul,In-Store,Latte,Medium,No,91.35,14,0.031,42.16,269,9.5,1236.85 TRY
Jun,Bursa,Online,Mocha,Medium,No,100.04,1,0.065,47.16,113,22.1,100.49 TRY
Feb,Eskisehir,Delivery,Espresso,Light,No,73.65,2,0.044,30.59,66,4.6,115.76 TRY
Apr, Bursa,In-Store,Cold Brew,Dark,No,112.16,6,0.048,47.82,177,12.9,641.29 TRY
Nov,Ankara,Delivery, Filter,Dark,No,76.76,10,0.063,34.33,118,7.7,741.50 TRY
Nov ,Ankara,In-Store,Espresso,Dark,Yes,71.91,9,0.127,32.48,185,10.4,572.66 TRY
Aug,Istanbul,Online,Cold Brew!,Light,No,105.34,9,0.038,49.49,207,26.2,936.49 TRY
Feb,Izmir,In-Store,Filter,Medium,No,73.62,9,0.009,33.48,158,7.6,688.22 TRY
Feb,Eskisehir,In-Store,Americano ,Light,No,73.79,3,0.068,34.88,89,1.5,222.88 TRY
Jun,Eskisehir ,In-Store,Latte,Medium,No,95.75,7,0.015,43.37,125,18.4,642.36 TRY
Aug,Istanbul,In-Store, Filter,Medium,No ,72.29,26,0.033,30.82,322,26.3,1808.91 TRY
Jan,Bursa,In-Store,Filter,Medium,No,72.09,8,0.039,27.51,160,5.3,602.52 TRY
Sep,Ankara,NA,Espresso,Light,No,73.69,18,0.04,31.57,223,19.2,1281.22 TRY
Jul,Eskisehir,In-Store,Cappuccino,Dark,No,89.15,17,0.026,37.23,178,25.8,1480.67 TRY
Jan,Istanbul,In-Store,mocha,Light,No,99.5,11,0.027,44.2,246,5.9,1043.45 TRY
Feb,eskisehir,Online,Americano,Light,No,73.93,3,0.096,31.16,81,5.7,198.21 TRY
Jun,Antalya,NA,Cappuccino,Dark,Yes,101.77,13,0.181,44.7,NA,28.1,1101.45 TRY
Sep,Istanbul#,Online,Espresso,Medium ,Yes,75.78,22,0.131,31.63,205,21.4,1449.13 TRY
Oct,Istanbul,In-Store,Espresso,Medium,No,80.12,12,0.018,35.52,295,17.2,931.15 TRY
Jun,Antalya,In-Store,Latte,Medium,Yes!,97.19,23,0.107,37.32,252,26.0,1989.00 TRY
NA,NA,Delivery,Mocha,Light,No,105.5,12,0.04,46.8,189,15.1,1245.16 TRY
Dec,Izmir,In-Store,Mocha,Light,No,105.89,8,0.05,49.0,164,8.6,821.46 TRY
Jun,Eskisehir,In-Store,Cold Brew,Medium,Yes,111.81,12,0.136,52.94,144,23.3,NA
Apr,Izmir,Delivery,Cappuccino,Medium,No,95.32,5,0.054,41.5,101,15.8,461.89 TRY
Jun,Ankara,Delivery,Americano ,Medium,No,83.86,4,0.119,38.59,162,24.1,265.95 TRY
Jan,Ankara,In-Store,Espresso,Light!,No,69.19,6,0.039,29.4,212,1.8,405.76 TRY
Apr,Istanbul,Online,Americano,Medium,No,80.31,5,0.087,33.74,182,12.6,393.32 TRY
Jul,Eskisehir!,In-Store,Cappuccino,Dark,No,89.24,8,0.044,39.43,198,25.3,675.98 TRY
Dec,Ankara,Online,Americano,Light,Yes,78.4,10,0.156,32.92,141,8.3,686.13 TRY
Sep,Istanbul,In-Store,Espresso,Light,Yes,79.0,26,0.077,31.62,351,26.3,1909.47 TRY
Oct,Ankara,IN-STORE,Espresso,Medium,No,69.56,11,0.029,28.18,182,15.1,763.66 TRY
Jul,Eskisehir,In-Store,Mocha,Dark,No,101.91,6,0.041,43.64,163,28.2,587.66 TRY
Feb,Istanbul,In-Store,Mocha,Medium ,No,102.64,12,0.076,46.22,217,6.4,1160.24 TRY
May,Antalya,Onl1ne,NA,Medium,NA,66.05,11,0.121,27.76,140,25.7,602.02 TRY
Dec,Bursa,In-Store,Cold Brew,Medium,No,113.35,3,0.057,49.15,181,5.6,321.50 TRY
Jan,Antalya,Delivery,Latte,Light,Yes,104.85,7,0.162,45.0,144,11.3,632.88 TRY
Nov,Eskisehir,Online,Espresso,Medium,No,71.05,6,0.083,30.85,119,4.8,398.32 TRY
Sep,Antalya,In-Store,Latte#, Light,No,97.84,5,0.082,44.61,172,25.3,476.48 TRY
Apr,Eskisehir,Online,Espresso,Medium,No,73.07,10,0.052,28.43,120,12.4,688.78 TRY
Oct,Istanbul,In-Store,Cappuccino,Light,No,96.58,15,0.008,37.99,247,14.4,1423.42 TRY
Nov ,Antalya,In-Store,Cappuccino,Medium,yes,94.91,12,0.126,41.77,148,17.4,954.44 TRY
Jan,Izmir,In-Store,Cappuccino,Medium,No,85.69,11,0.019,33.24,172,10.3,917.86 TRY
Feb,Izmir,Delivery,Americano,Medium,No,93.04,6,0.046,40.17,124,8.5,545.48 TRY
Aug,Eskisehir,Online,Mocha,Medium,Yes,99.26,7,0.129,46.91,121,22.6,624.21 TRY
Dec,Eskisehir,Delivery, Filter,Medium,No,68.96,12,0.079,32.2,120,4.6,727.17 TRY
Jan,Bursa,Delivery,Cold Brew,Dark,No,108.88,4,0.098,50.47,122,3.6,422.22 TRY
Aug,Izmir,Delivery#,Mocha,Dark,Yes,108.02,18,0.115,50.03,198,29.3,1696.40 TRY
Feb,ANKARA,In-Store,Latte,Dark!,No,93.89,11,0.016,46.75,145,5.2,1013.24 TRY
 Aug,Ankara,Delivery,Espresso,Medium,Yes~,79.32,16,0.177,28.65,214,24.4,1030.27 TRY
Aug,Ankara,In-Store,NA,Medium,NO,101.97,14,0.011,43.94,286,28.3,1422.31 TRY
Feb,Ankara,NA,Latte,Medium,Yes,91.73,12,0.115,42.06,164,3.6,976.52 TRY
Sep,Istanbul ,In-Store,Americano,Medium,No,78.54,10,0.011,32.31,255,25.8,793.71 TRY
Nov,Istanbul,in-store,Cappuccino,Medium,No,94.54,12,0.069,42.19,219,9.9,1102.30 TRY
Nov,Antalya,In-Store,Filter,Medium,No,69.87,16,0.044,29.27,169,16.6,1078.68 TRY
Jan,Ankara,In-Store~,Mocha,Light,No,97.58,15,0.024,43.2,233,6.4,1414.15 TRY
Mar,Eskisehir,In-Store,Latte,Light,No,84.63,7,0.024,36.69,130,9.8,589.72 TRY
Mar,Bursaa,In-Store,Mocha,Dark,No,97.99,4,0.037,43.05,123,8.7,426.09 TRY
Jun,Istanbul,Delivery,Cappuccino,Light,No,97.86,10,0.04,40.01,221,25.1,955.86 TRY
Feb ,Istanbul,Online,Latte,Medium,Yes,98.42,5,0.12,43.85,148,7.8,456.69 TRY
Nov,Istanbul,In-Store,Americano,Medium,No,79.85,19,0.028,31.99,277,10.9,1434.83 TRY
Oct,Eskisehir,In-Store,Cappuccino ,Light ,Yes,80.33,10,0.083,35.65,134,15.7,746.30 TRY
OCT,Istanbul,In-Store,Mocha,Dark,No,104.06,15,0.018,48.13,331,20.7,1526.10 TRY
Mar,Izmir,NA,NA,Light~,No,76.24,11,0.025,34.22,187,13.4,800.67 TRY
Jan,Eskisehir,Online,Cold Brew,Dark,No!,107.62,4,0.117,46.17,114,4.6,379.56 TRY
Nov,Eskisehir,In-Store,Americano,Dark,No,75.95,4,0.031,29.26,121,10.8,297.10 TRY
Apr,Istanbul,Online,Mocha,Medium,No,102.19,6,0.109,44.96,179,11.1,530.70 TRY
Aug ,Istanbul,Online,Mocha,Light,Yes ,105.01,9,0.14,52.0,223,27.9,817.49 TRY
Nov,ISTANBUL,In-Store,Mocha,Medium,Yes,103.82,11,0.148,48.21,219,10.0,968.66 TRY
Jan,Istanb ul,Delivery,Latte,Medium,No,95.47,11,0.062,40.9,209,4.8,1002.62 TRY
Jan,Istanbul,In-Store,Filter,MEDIUM,Yes,73.81,19,0.138,31.85,244,10.3,1214.55 TRY
Jan,Izmir,Delivery,Latte,Dark,Yes ,109.18,12,0.156,50.59,147,8.0,1115.17 TRY
Feb,Eskisehir,Online,Mocha,Light,No,87.85,3,0.054,35.92,92,3.0,273.80 TRY
Jan,Izmir,Online,Mocha,Dark,No,100.12,6,0.035,47.79,118,10.8,593.57 TRY
Oct,Bursa,Online,Americano,Light,No,73.09,4,0.035,30.36,80,14.6,281.98 TRY
AUG,ISTANBUL,Delivery,Americano, Dark,No,88.38,11,0.061,37.82,251,26.1,860.70 TRY
Dec,Antalya,Delivary,Cappuccino,Light,No,94.78,8,0.074,39.86,142,15.0,714.97 TRY
Oct,Bursa,In-Store,Americano,Medium,Yes,82.56,15,0.109,36.96,170,16.6,1080.62 TRY
Dec, Antalya,Online#,Cappuccino,medium,No,90.34,3,0.145,36.43,127,9.4,229.57 TRY
Mar,Eskisehir ,Online,Cappuccino!,Light,No,88.11,4,0.082,33.59,112,8.6,332.82 TRY
Apr,Ankara,In-Store,Latte,Dark,No,94.53,14,0.015,43.18,242,11.2,1336.89 TRY
Nov,Istanbul,delivery,Americano,Medium,No,85.6,14,0.068,31.86,201,15.1,1162.97 TRY
Mar,Istanbul,In-Store,Cold Brew, Medium,No,110.32,11,0.034,47.94,277,8.8,1149.23 TRY
Jan,Ankara,In-Store,Cappuccino,Medium,Yes,81.73,16,0.139,36.7,197,6.1,1093.02 TRY
Sep,Eskisehir,In-Store,NA,Medium,No,98.1,4,0.034,44.32,195,24.1,387.20 TRY
Oct,Ankara,In-Store,Espresso,Light,No,80.22,13,0.071,35.78,207,13.3,974.88 TRY
Dec,Antalya,Delivery,Latte,LIGHT,No,100.83,6,0.06,45.61,164,12.1,538.63 TRY
Dec,Izmir,In-Store,Espresso,Light, Yes,76.75,6,0.113,37.06,183,11.3,408.05 TRY
Feb,NA,In-Store,Mocha,Medium,Yes,101.35,11,0.142,43.42,220,5.3,971.48 TRY
Oct,Ankara,In-Store,Cappuccino,Light,No,86.02,8,0.021,36.92,169,15.5,642.95 TRY
Nov,Bursa,In-Store,Filter,Dark,No,72.94,5,0.056,30.49,169,11.1,319.41 TRY
Sep,Bursa,Online ,Cappuccino,Medium,No,94.03,6,0.098,41.41,93,22.0,492.79 TRY
Oct,Ankara,Delivery,Latte,Medium,Yes,103.95,9,0.117,45.61,168,15.1,820.78 TRY
Nov,Istanbul,In-Store,Americano,Medium,No,86.22,12,0.048,39.65,266,12.1,1002.33 TRY
Jun,Antalya,In-Store,Mocha,Medium,Yes,102.14,12,0.084,43.88,246,28.8,1114.56 TRY
Jan,Istanbul,In-Store,Latte,Medium,Yes,98.84,12,0.104,46.3,235,4.8,1064.11 TRY
Jun,Eskisehir,In-Store,Cappuccino,Medium,No,83.99,11,0.021,36.46,136,20.4,960.64 TRY
Mar,Istanbul,In-Store,Americano#,Medium,Yes,77.21,15,0.124,32.36,268,9.8,990.63 TRY
Feb,Istanbul,In-Store,Espresso,Medium,No,73.49,17,0.037,31.95,233,6.9,1186.78 TRY
Feb,Izmir,In-Store,Espresso,Medium,Yes,76.2,10,0.096,32.53,128,8.6,705.80 TRY
Sep ,Izmir*,In-Store,Filter,Dark,Yes,70.83,22,0.093,31.17,243,26.1,1438.04 TRY
Jul,izmir,In-Store,Cappuccino,Light,No,83.12,10,0.009,34.5,196,25.9,834.09 TRY
JUL,Ankara,In-Store,Espresso,Medium,No,73.85,15,0.054,29.61,214,23.5,1093.16 TRY
SEP,Eskisehir,Online,Filter,Light,NO,61.73,6,0.065,25.26,103,19.9,354.24 TRY
Jul,Izmir,Online,Espresso,Medium,No,69.31,14,0.056,25.74,194,27.8,866.60 TRY
Aug, Izmir,In-Store,CAPPUCCINO,Medium,Yes ,89.52,12,0.109,39.28,164,32.8,959.57 TRY
Feb,Ankara,Online ,Mocha,Light,No,93.72,13,0.047,38.77,160,5.0,1146.82 TRY
Nov,Istanbul,Delivery,Filter,Medium,Yes,74.53,16,0.152,30.87,169,12.4,1045.82 TRY
Jun,Izmir,In-Store,Mocha,Medium,No,104.71,11,0.053,47.37,215,25.5,1114.88 TRY
Feb,Istanbul,In-Store,Latte,Light,Yes,88.39,17,0.104,40.57,224,7.0,1306.61 TRY
Oct,BURSA,In-Store,Filter,Dark,NO,61.06,4,0.023,22.71,196,14.1,272.38 TRY
Sep,Istanbul,Online,Espresso,Medium,No,76.01,6,0.064,31.74,223,22.7,450.36 TRY
jan,Eskisehir,In-Store!,FILTER,Dark,No,68.38,11,0.054,30.32,105,1.6,703.45 TRY
Mar,Izmir,Online,Filter,Medium,No,70.62,10,0.048,29.76,120,11.9,670.34 TRY
Jan,Eskisehir,In-Store ,Filter,Dark,No,65.84,9,0.027,31.0,123,-1.6,611.37 TRY
Apr,Izmir,In-Store,Americano,Medium,NO,77.33,6,0.033,30.83,187,14.2,399.38 TRY
Feb,Istanbul,Delivery,Espresso,Medium,No,81.97,7,0.035,30.33,194,9.9,564.84 TRY
Sep,Antalya,In-Store,Mocha,Medium,No,100.23,5,0.024,45.72,208,29.2,516.46 TRY
Jul,bursa,Delivery,Latte,Medium,No,103.2,13,0.09,44.33,100,29.1,1218.64 TRY
Dec,Antalya,Delivery,Latte,Medium,No,99.7,6,0.055,40.35,140,15.3,581.50 TRY
Sep,Ankara,Delivery*,Filter,Dark,Yes,73.79,7,0.117,31.41,176,22.3,458.67 TRY
Aug,Bursa,In-Store,Mocha,Medium,No,107.9,6,0.018,49.94,158,25.6,616.15 TRY
Jul,Antalya,Online,Cappuccino,Medium,No,89.22,9,0.047,34.95,190,29.4,745.01 TRY
Jan,Bursa,In-Store,Cappuccino,Medium,No,90.22,9,0.015,42.56,136,7.8,817.60 TRY
Jan,Ankara,In-Store,Espresso,Dark,No,77.59,12,0.023,31.69,176,4.1,893.77 TRY
Aug,Bursa,Delivery,Americano,Dark,No,85.93,6,0.102,37.12,164,31.5,424.88 TRY
Jan,Bursa,Online,Espresso,Medium,Yes,72.16,3,0.11,27.87,57,4.8,195.73 TRY
Jan,Eskisehir,In-Store,Cold Brew,Medium,No,107.78,5,0.011,47.51,109,7.4,520.15 TRY
Mar,Ankara,In-Store,Mocha,Light,No,97.4,13,0.019,42.59,218,7.7,1212.16 TRY
Nov,Ankara,Online,Latte,Medium,Yes,89.7,6,0.197,36.49,186,12.7,433.97 TRY
Jun,Antalya,Online,Cappuccino,Dark,No,92.3,12,0.067,45.34,227,31.9,1052.57 TRY
Sep,Izmir,In-Store,Mocha,Medium,Yes,109.11,22,0.106,47.02,194,23.5,2146.48 TRY
May,Antalya,Delivery,Cold Brew,Light,No,118.84,6,0.09,51.3,167,22.5,622.21 TRY
Mar,Ankara,In-Store,Filter,Medium,No,70.22,12,0.019,31.43,206,5.9,838.67 TRY
May,Istanbul,In-Store,Latte,Medium,No,101.42,10,0.025,48.25,324,16.5,1014.72 TRY
NA,Antalya,Online,Cold Brew,Dark,No,107.52,4,0.035,50.64,136,12.8,470.35 TRY
Oct,Istanbul,Delivery,Latte,Light,Yes,98.96,8,0.128,41.14,228,16.6,726.39 TRY
Mar,Istanbul,In-Store,Latte,Medium,No,101.79,26,0.028,45.22,270,10.1,2547.30 TRY
May,Bursa,In-Store,Filter,Medium,No,73.95,7,0.064,27.3,172,19.6,505.97 TRY
Dec,Antalya,In-Store,cappuccino,Dark,Yes,89.92,7,0.106,40.47,169,8.8,569.13 TRY
Aug,Eskisehir,Delivery,Cappuccino,Light,No,87.07,5,0.111,33.3,114,27.1,358.22 TRY
Jun,Istanbul,In-Store,Cappuccino,Dark#,No,102.73,18,0.096,42.57,303,23.3,1678.72 TRY
Jul,Istanbul, In-Store,Latte,Medium,No,98.39,18,0.025,43.29,303,28.1,1774.71 TRY
Oct,Eskisehir ,Delivery,Latte,Dark,No,104.29,5,0.037,47.82,61,15.7,532.05 TRY
Apr,Istanbul,In-Store,Mocha,Light, No,101.83,15,0.029,44.28,271,16.7,1457.82 TRY
Aug,Istanbul,In-Store,Cappuccino,Medium,No,93.98,17,0.047,42.51,319,26.8,1522.91 TRY
Nov,Ankara,In-Store,Americano,Medium,Yes,77.78,13,0.169,34.11,185,5.8,852.55 TRY
Jul,Izmir,Online,Filter,Medium,No,72.77,10,0.084,31.85,178,29.6,623.33 TRY
Jun*,Eskisehir,In-Store ,Cappuccino,Medium ,No,92.43,8,0.072,36.36,162,21.9,643.81 TRY
 Feb,Antalya,In-Store,Filter,Medium,Yes,67.86,12,0.083,31.9,162,9.4,750.60 TRY
Mar,Bursa,In-Store,Americano,Medium,No,76.59,8,0.009,30.56,116,9.8,611.40 TRY
Dec,Istanbul,Online,Latte,Light,Yes,97.66,18,0.135,46.45,229,7.3,1474.60 TRY
Jul,Ankara,Online,Latte, Medium,No,91.48,9,0.084,44.3,176,22.3,763.86 TRY
Apr,Izmir,In-Store,Cold Brew,Light,No,107.03,4,0.063,48.12,174,17.8,428.32 TRY
Jun,istanbul,In-Store,Espresso,Dark,No,83.04,15,0.064,37.77,311,22.9,1160.42 TRY
Jul,Istanbul,Delivery,Filter,Dark,Yes,82.41,11,0.159,29.27,229,26.2,763.87 TRY
Jul,Ankara,In-Store,Latte,Medium,No,92.2,12,0.046,40.18,226,24.1,1069.79 TRY
Sep,Istanbul ,In-Store,Latte,Light,No,96.85,20,0.066,44.82,283,25.5,1820.13 TRY
Apr,NA,In-Store,Latte,Light ,No,89.17,6,0.023,41.08,177,16.4,481.00 TRY
Aug,Bursa,In-Store,Espresso,Medium,No,69.42,7,0.076,26.72,192,26.7,426.38 TRY
Jun,Istanbul ,In-Store,Latte,Dark,No,99.5,19,0.029,44.19,326,23.1,1825.78 TRY
Dec,Izmir,In-Store,Americano,Medium,no,81.13,8,0.071,29.0,222,11.4,581.44 TRY
Feb,Antalya*,In-Store,Cappuccino,Light,No,86.13,12,0.039,37.0,202,14.2,1029.93 TRY
Feb,Antalya,In-Store,Mocha,Light,No,97.14,9,0.029,38.97,219,12.8,864.77 TRY
Jun,Antalya,Online,Latte,Light,Yes ,88.74,10,0.121,41.31,182,29.9,752.28 TRY
JUL,Ankra,In-Store, Espresso,Dark,No,76.82,14,0.033,35.4,255,26.2,1034.63 TRY
 Sep,Antalya ,In-Store,Espresso,Medium,No,69.13,11,0.036,28.09,193,24.7,761.31 TRY
May,Istanbul,Delivery,Americano,Medium,NA,82.95,15,0.066,35.88,240,17.2,1145.97 TRY
Nov,Ankara,In-Store,NA,Medium,No,71.55,10,0.037,29.62,169,9.6,710.32 TRY
Jun,Istanbul,Online,Latte,Dark,No,98.68,8,0.058,44.89,199,22.5,778.23 TRY
Feb,Izmir,NA, Americano,Medium,No,73.79,6,0.016,28.7,196,7.4,466.06 TRY
Feb,Ankara,Online,Filter,Dark,No,68.13,8,0.036,30.54,98,1.3,529.93 TRY
Dec,Istanbul,In-Store,Americano,Dark,NA,90.56,22,0.055,35.66,285,5.3,1914.02 TRY
Feb,Antalya,In-Store ,Espresso,Medium,No,83.69,9,0.158,31.49,147,11.0,621.15 TRY
Dec ,Ankara,In-Store,Filter,Dark!,No,62.78,17,0.056,26.75,229,5.9,1069.64 TRY
Apr,Istanbul,In-Store,Americano,Medium,No ,84.19,12,0.019,34.94,308,12.4,997.11 TRY
Feb,Istanbul,In-Store!,Cappuccino,Medium,No,89.04,10,0.019,37.94,254,7.2,902.15 TRY
Apr,Ankara,Online,Filter,Light,No,60.23,12,0.106,24.0,182,11.1,637.10 TRY
Aug,Ankara,Online,Filter,MEDIUM,No,66.55,13,0.059,31.72,179,27.2,826.59 TRY
Jun,Ankara,In-Store,Mocha,Light,No,101.91,9,0.039,45.16,285,21.7,895.01 TRY
Oct,Istanbul,Delivery,Espresso,Light,YES ,82.4,13,0.121,35.07,225,18.4,918.36 TRY
Aug,Antalya,Online,Latte,Light,No,90.14,5,0.04,40.06,150,31.9,408.71 TRY
May ,Eskisehir,Delivery,Filter,Medium,No,73.82,10,0.095,33.01,110,13.7,662.96 TRY
Aug,Izmir,Online,Filter,Medium,No,60.03,5,0.047,26.36,157,29.3,313.68 TRY
Dec,Bursa,Online,Espresso,Medium,No,67.99,10,0.061,29.44,104,5.0,592.64 TRY
May,NA,In-Store,Cappuccino,Medium,No,88.7,12,0.028,38.73,166,23.3,1025.53 TRY
Feb,Eskisehir,Online,Cappuccino,Dark,No,86.31,6,0.066,33.46,98,3.0,516.43 TRY
May,Bursa,Delivery,Espresso,Dark,No,77.19,2,0.067,29.62,84,19.3,113.23 TRY
Nov,Eskisehir,In-Store,Mocha,Light,No,94.43,4,0.059,41.4,62,6.8,386.78 TRY
Mar,Eskisehir,In-Store,AMERICANO,Medium,Yes,76.3,13,0.097,31.65,120,7.5,867.49 TRY
Dec,Antalya,In-Store,Cappuccino,Medium,No,92.09,10,0.062,39.84,177,13.6,840.89 TRY
Aug, Izmir,Delivery,Espresso ,Medium,No,NA,8,0.048,34.55,141,31.3,622.05 TRY
Aug,Istanbul,In-Store,Latte,Medium,No,98.6,10,0.056,44.55,246,25.5,977.62 TRY
Apr,Istanbul,Online,Espresso,Medium,Yes,74.86,7,0.171,28.95,188,14.0,418.41 TRY
Dec,Izmir,Delivery,Cappuccino,Light,No,94.61,3,0.083,39.71,133,10.9,216.95 TRY
Jan,Izmir, Delivery,Espresso,Medium ,No,83.3,5,0.086,32.3,109,11.6,345.63 TRY
Apr ,Ankara,In-Store,Filter,Medium,No,66.78,14,0.034,28.82,209,9.0,926.43 TRY
Jun,Izmir,Online,Espresso,Medium,Yes,73.76,12,0.137,27.22,190,24.7,729.99 TRY
jun,Izmir,Delivery,Latte,Dark,No,105.65,9,0.085,48.24,173,32.1,899.73 TRY
Jun,Antalya,In-Store,Americano,L1ght,No,75.59,10,0.01,NA,248,28.0,750.09 TRY
Feb*, Istanbul,Online,Espresso, Light,Yes,81.22,17,0.172,33.35,205,3.2,1142.45 TRY
Mar,Istanbul,In-Store,Americano,Light,Yes,75.64,10,0.111,33.56,232,8.8,679.87 TRY
Feb,Antalya,Onl1ne,Espresso,Light,Yes,71.62,11,0.112,30.54,135,6.0,679.56 TRY
Jul,Antalya,In-Store,Espresso, Light,No,71.2,13,0.014,26.61,259,32.0,916.09 TRY
May,Eskisehir,In-Store,Latte,Medium,No!,100.75,11,0.028,42.99,136,18.1,1047.39 TRY
Jul,Eskisehir,In-Store,Mocha,Medium,No ,94.99,8,0.025,38.79,143,22.7,774.64 TRY
Aug, Eskisehir,In-Store,Espresso,Medium,No,70.0,14,0.057,26.01,174,23.6,898.46 TRY
Sep,Ankara,In-Store,Latte,Medium, No,92.52,13,0.038,40.94,178,22.8,1168.03 TRY
Jul,Ankara,Online,Latte,Light,NO,90.38,9,0.062,40.89,150,21.5,737.12 TRY
Aug,Istanbul,In-Store,Americano,Medium,No,81.69,16,0.012,35.19,306,24.4,1278.03 TRY
Aug,Bursa,In Store,Cappuccino,Light,Yes,85.47,14,0.08,37.1,186,26.0,1091.51 TRY
Aug,Eskisehir,Online,Espresso,Dark,No,56.88,5,0.048,24.43,126,23.0,345.28 TRY
Aug,Ankara,Online,Americano,Light,No,75.23,8,0.048,31.05,203,24.4,572.59 TRY
Apr,Izmir,In-Store,Latte,Medium,Yes,96.07,11,0.087,40.12,159,14.0,944.29 TRY
mar,Ankara,Delivery,Filter,Dark,No,78.15,6,0.067,32.72,117,8.4,426.37 TRY
Oct*,Istanbul,In-Store ,Filter,Medium ,Yes,78.24,17,0.099,30.22,287,16.7,1160.79 TRY
May,Istanbul,Online,Filter,Medium,YES ,70.25,15,0.178,27.81,202,20.1,862.11 TRY
Jul,Istanbul,In-Store,Cappuccino,Medium,No,96.26,17,0.003,40.61,317,27.4,1677.79 TRY
Mar,Eskisehir,Online,Espresso,light,Yes,63.59,5,0.104,26.47,50,7.9,293.28 TRY
Jun,Ankara,Delivery,Cappuccino,Medium,Yes,96.07,13,NA,46.48,178,19.1,1130.37 TRY
Jul,Antalya,Delivery,Americano,dark,No,84.71,9,0.045,33.73,214,32.5,705.33 TRY
Aug,Bursa,In-Store#,Espresso,Dark*,No,69.26,6,0.079,29.53,149,25.8,377.65 TRY
Jul,Istanbul,ONLINE,Espresso,Medium,No,75.26,12,0.07,28.76,274,26.7,845.00 TRY
May,Istanbul,In-Store ,Latte,MEDIUM,Yes ,103.6,18,0.096,44.81,296,21.1,1667.65 TRY
Dec,Antalya,Online,Cappuccino,Medium,No,90.72,4,0.083,37.41,101,11.1,342.76 TRY
Jul,Istanbul,Online,Americano,Medium,No,86.99,7,0.084,38.23,229,29.7,573.17 TRY
Oct,Eskisehir,Delivery,Mocha,Medium,yes,98.01,1,0.129,NA,79,17.4,98.94 TRY
Sep,Istanbul,In-Store,Cappuccino,Light,No,95.19,10,0.056,39.6,288,24.5,894.82 TRY
Jul,Bursa,IN-STORE,Filter ,Light,Yes,63.39,9,0.098,25.76,187,24.5,541.87 TRY
Nov,Antalya,In-Store,Americano,Medium,No,82.9,7,0.055,32.02,223,12.1,541.94 TRY
Feb,Istanbul,In-Store,Latte,Light,Yes,96.87,13,0.117,41.32,207,9.2,1103.25 TRY
Dec,Istanbul,In-Store ,Americano,Light,No,83.65,13,0.052,34.37,265,8.2,1066.94 TRY
Nov,Eskisehir,In-Store,Latte!,Light,No,91.0,4,0.025,40.19,103,8.0,327.23 TRY
Jul,Istanbul,Online,Espresso,Dark,Yes,74.04,15,0.128,32.96,219,29.3,925.87 TRY
Sep,Ankara,In-Store,Americano,Light, No,NA,11,0.015,33.35,214,19.3,850.74 TRY
Jul,Ankara,In-Store,Latte,Light,No,98.93,12,0.016,43.02,239,24.2,1177.85 TRY
Apr,Istanbul,In-Store,Americano,Medium,YES,80.66,17,0.091,30.44,234,15.0,1278.53 TRY
Oct,Antalya,Delivery,Americano,Medium,No,78.66,5,0.058,34.12,144,19.3,353.98 TRY
Mar,Antalya,Online,Filter,Dark,No,73.0,1,0.078,30.0,107,14.3,112.68 TRY
Apr,Ankara,In-Store,Espresso,dark, No,73.68,13,0.011,33.18,204,14.2,947.98 TRY
Jul,Antalya,In-Store,Latte,Medium,No,96.48,13,0.046,45.08,265,31.9,1193.66 TRY
Nov,Istanbul,In-Store,Latte,Medium,Yes,100.22,22,0.125,43.72,270,14.5,1907.99 TRY
May,Istanbul,In-Store*,Americano,Medium,No,81.17,19,0.036,32.04,302,21.3,1535.49 TRY
Jun,Izmir,In-Store,Latte,Light ,No,92.92,15,0.008,40.85,196,26.5,1378.89 TRY
Jan, Eskisehir,In-Store,Espresso!,Medium,No,71.6,9,0.011,30.77,123,-1.2,604.01 TRY
Feb,Istanbul,Delivery,Mocha,Light,No,110.88,9,0.058,48.16,193,4.8,1001.48 TRY
Jan,Istanbul,In-Store*,Americano,Light ,No,81.12,20,0.122,32.94,263,7.5,1434.31 TRY
Jan,Izmir,Online,Americano,Medium,No,74.06,7,0.08,32.23,120,5.4,496.92 TRY
Nov,Antalya ,In-Store,Cappuccino,Light,NO,85.22,13,0.108,36.79,185,15.8,1030.25 TRY
Nov,Istanbul,Delivery,Filter,Light,No,75.56,14,0.088,31.04,159,12.7,980.11 TRY
Oct,Ankara,Delivery,Cold Brew,Medium,Yes,108.48,5,0.105,44.42,132,17.9,509.82 TRY
Jan,Antalya,Online,Filter,Medium,Yes,63.75,6,0.118,27.69,149,9.3,338.72 TRY
Jan,Ankara,In-Store,Mocha,Light,Yes,99.54,16,0.088,42.26,201,2.7,1470.83 TRY
Apr,Istanb ul,In-Store,Mocha,Light,No,103.74,19,0.026,46.07,281,13.9,1918.96 TRY
Jul,Istanbul,Online,Latte,Light,NO,92.53,13,0.077,41.02,286,27.7,1109.76 TRY
May,ANKARA,ONLINE,Filter,Light,Yes!,66.17,13,0.121,24.01,173,16.7,759.12 TRY
Jun,Izmir,In-Store,NA,Dark~,No,97.75,12,0.023,44.15,205,28.6,1136.10 TRY
Mar,Antalya,In-Store,Cappuccino,Dark,No,95.41,7,0.07,42.06,151,12.9,633.73 TRY
Sep,Bursa,In-Store,Mocha, Medium,Yes,100.42,9,0.127,45.46,194,22.7,801.55 TRY
Apr,Bursa,Onl1ne,Latte,Meduim,no,80.58,9,0.072,35.69,132,14.4,693.48 TRY
Jan,Eskisehir,Online,Espresso,Medium,No,69.04,6,0.071,25.04,137,2.7,400.82 TRY
Sep,Ankara,Online ,Cappuccino,Medium,No,89.07,9,0.055,39.96,215,22.7,807.54 TRY
Nov,Ankara,Online,Cappuccino,Light,No,83.36,3,0.134,35.83,107,10.3,242.89 TRY
Jan ,Eskisehir,In-Store,Filter,Light,No,65.14,9,0.025,24.95,92,5.1,566.42 TRY
Jun,Istanbul,In-Store,Cappuccino,Medium,No,96.0,13,0.041,38.74,246,24.4,1208.16 TRY
Oct,Antalya,In-Store ,Cold Brew,Medium,No,112.32,6,0.033,49.88,217,22.3,687.00 TRY
sep,Antalya,ONLINE,Latte,Light,No,99.03,5,0.067,44.93,171,26.2,438.23 TRY
Nov,Istanbul,In-Store, Cold Brew,Medium,No,117.51,11,0.053,50.73,257,10.7,1274.46 TRY
May,Izmir,In-Store,Espresso,Medium,No,75.53,8,0.056,33.37,166,23.9,551.04 TRY
May,Istanbul,In-Store,Filter ,Medium,No,72.21,27,0.027,26.74,294,20.3,1919.54 TRY
Sep,Istanbul,IN-STORE,Latte ,Medium,No,NA,14,0.021,36.02,296,21.0,1187.10 TRY
Feb, Izmir,In-Store,Americano,Medium,Yes~,79.69,8,0.132,29.34,179,9.9,552.09 TRY
Mar,Ankara,In-Store,Americano,Medium,No,73.59,12,0.046,29.11,191,3.3,809.89 TRY
Aug,Antalya,In-Store,Americano,Light,No,80.88,14,0.05,36.99,245,30.4,1098.39 TRY
 Sep,Eskisehir!,Online,Cappuccino, Light,No,83.61,5,0.045,39.23,107,22.4,367.03 TRY
Feb,antalya,IN-STORE,Mocha,Dark,No,105.78,6,0.01,48.07,199,11.2,592.26 TRY
Jul,Istanbul,In-Store,Filter,Medium,NO,78.59,21,0.046,31.73,347,27.2,1603.46 TRY
May,Istanbul,In Store,Mocha,Light,No,100.89,8,0.019,43.95,258,13.0,836.52 TRY
Jul,Istanbul,Online,Latte,Medium,No,105.12,8,0.068,47.2,282,26.2,767.09 TRY
Dec,Istanbul,In-Store,Latte,Dark,No,99.93,20,0.096,41.84,308,8.7,1831.81 TRY
Jan,NA,Online,Cold Brew,Medium,No,99.76,3,0.059,42.75,105,4.4,301.54 TRY
Dec,ANKARA,Delivery,Filter,Dark,No,71.75,4,0.07,33.72,159,7.9,264.62 TRY
Jun,Istanbul,Online,Americano,Medium ,No,79.51,15,0.059,31.3,279,23.6,1155.68 TRY
Oct,Antalya,In-Store,Filter,Medium,No,74.37,9,0.076,29.74,152,21.2,614.37 TRY
Jun,Ankara, Online,Capuccino,Medium,No,83.21,9,0.067,34.97,201,19.3,711.65 TRY
Apr,Istanbul,In-Store,Cold Brew,Light,No,109.81,8,0.004,48.88,266,13.6,843.62 TRY
Oct,ISTANBUL,In-Store,Filter,Medium, Yes,72.36,22,0.089,29.14,299,14.5,1419.96 TRY
Sep,Bursa,In-Store,Mocha,Medium,No,96.21,9,0.028,42.49,159,18.8,870.87 TRY
Feb,Antalya,In-Store,Americanno,Light ,No,83.25,10,0.059,36.18,137,9.3,797.16 TRY
Sep,ISTANBUL,In-Store,Latte,Dark,No,101.57,11,0.031,49.63,285,NA,1079.07 TRY
Oct,Eskisehir,In-Store,Espresso,Medium,No,76.67,10,0.043,31.95,161,14.0,781.43 TRY
May,Antalya,In-Store,Cold Brew,NA,No,108.68,5,0.04,47.74,203,23.9,569.10 TRY
Dec,Antalya,In-Store,Americano,NA,No,86.81,10,0.034,39.52,179,11.5,849.56 TRY
Aug,Istanbul,In-Store,mocha,Dark,No,98.54,18,0.012,43.24,306,23.4,1716.04 TRY
May,Istanbul,DELIVERY,NA,Dark,No,72.45,9,0.058,28.5,239,20.9,611.44 TRY
Jan,Antalya,In-Store,Americano,Medium,No,77.14,15,0.007,32.9,217,6.2,1128.19 TRY
Sep,Ankara,Online,Cappuccino,Dark,No,88.04,8,0.057,40.01,106,19.9,666.41 TRY
Mar,Bursa,in-store,Mocha,Dark,No,103.81,13,0.024,47.44,209,9.4,1293.73 TRY
Oct,Antalya,In-Store,Cappuccino,Dark,no,90.59,10,0.007,38.76,199,22.0,869.65 TRY
Jul,Istanbul,In-Store,Americano,Dark,No#,82.09,16,0.052,32.4,344,25.5,NA
Jun,Antalya, In-Store,Espreso,Medium,Yes,76.14,15,0.081,31.86,209,24.8,1053.77 TRY
Feb,Eskisehir,In-Store,Cappuccino,Medium,Yes~,89.29,7,0.125,39.97,118,2.9,489.43 TRY
Sep,Antalya,In-Store,Mocha,Medium,No,100.09,15,0.091,41.57,211,26.0,1356.72 TRY
Feb,Ankara,In-Store,LATTE,Medium,No,91.87,9,0.017,39.93,147,3.5,830.13 TRY
Jun,Eskisehir,In-Store,Espresso,Light,No,64.62,7,0.019,26.37,138,23.4,425.69 TRY
Nov,Izmir,In-Store,latte,Medium,No,93.71,15,0.035,39.84,197,12.1,1329.33 TRY
Dec,Antalya, In-Store,Cappuccino,Dark,NA,97.71,9,0.073,42.51,157,13.1,813.50 TRY
Dec,Antalya,In-Store,Americano,Medium,No,82.36,14,0.062,35.48,207,12.8,1060.84 TRY
DEC,Antalya,In-Store ,Mocha,Dark,No,100.04,13,0.04,45.88,187,14.4,1253.14 TRY
Jul,Ankara,In-Store,Cappuccino,Medium,No,93.94,14,0.065,37.5,216,24.7,1203.85 TRY
Mar,Istanbul,In Store,Latte,Light,NO,93.66,20,0.025,37.92,310,11.6,1823.76 TRY
Nov,Istanbul,In-Store,Filter,Light,No,76.68,15,0.036,32.73,232,11.7,1100.13 TRY
Oct,Izmir!,In-Store,Latte,Dark,No,102.61,8,0.035,45.16,153,20.4,791.86 TRY
Dec,Izmir,Delivery,Latte,Medium ,No,100.22,13,0.071,47.77,131,7.5,1251.24 TRY
Aug,Izmir,In-Store,Espresso,Medium,Yes,70.01,13,0.078,33.17,191,24.2,844.14 TRY
Feb,Ankara,In-Store,Americano~,Medium,No,88.16,4,0.007,41.01,175,5.8,362.78 TRY
Jul,Antalya,In-Store,Espresso,Medium,No,78.55,18,0.009,31.11,238,32.4,1385.56 TRY
Jun,Eskisehir,Delivery,Cold Brew,Medium ,No,109.7,5,0.037,49.41,124,22.5,533.79 TRY
Nov,Istanbul,In-Store,Cold Brew,D@rk,No,117.82,5,0.058,54.76,252,11.0,548.06 TRY
 May,Antalya,In-Store,AMERICANO,Medium,Yes,84.81,16,0.087,37.14,192,26.5,1239.65 TRY
Apr,Bursa,Delivary,Americano, Dark,no,88.24,3,0.047,37.23,128,12.6,268.50 TRY
Jan,Izmir,In-Store,Cappuccino,Medium,Yes,88.35,12,0.082,39.67,163,9.3,960.76 TRY
Nov,Istanbul,Delivery, Latte,dark,No,104.27,7,0.086,46.92,180,13.2,657.17 TRY
Oct,Antalya, In-Store,Mocha,Medium,No,97.26,8,0.042,43.05,233,24.9,733.24 TRY
Jan,Eskisehir,Online,Mocha,Medium,No,97.67,4,0.078,39.9,89,2.9,347.56 TRY
Jun,Antalya!,In-Store,Filter,Light,No ,69.91,16,0.059,30.65,249,27.2,1056.90 TRY
Jun,Eskisehir,In-Store,Americano,Medium,No,78.12,11,0.067,32.29,186,18.5,792.65 TRY
Jun,Eskisehir,Delivery ,Mocha,Medium,No,100.41,9,0.042,45.11,151,24.6,903.18 TRY
Dec,Ankara,In-Store,Latte,Medium,No,93.0,7,0.074,41.39,219,6.8,669.81 TRY
Feb,Bursa,Delivery,CAPPUCCINO,Medium,No,88.53,10,0.046,37.54,97,7.4,830.38 TRY
Apr,Izmir,In-Store,Filter,Light,No,72.16,9,0.035,30.22,187,22.7,634.06 TRY
Mar,Eskisehir,Online,ESPRESSO,Medium,Yes,75.96,5,0.129,33.48,90,8.2,356.76 TRY
Mar,Istanbul,Delivery,Mocha,Dark,No,105.77,5,0.035,47.2,138,7.4,503.70 TRY
Nov,Ankara,In-Store,Mocha,Medium,Yes,101.21,9,0.166,41.62,203,9.6,734.82 TRY
Dec,Eskisehir,Delivery,Filter,Light,No,70.73,6,0.132,30.84,108,3.6,411.82 TRY
Jan,ANKARA,In-Store,Latte,Medium,No,94.03,9,0.023,39.76,201,3.2,843.96 TRY
Aug,Antalya,Online,Cappuccino,Medium,No,83.89,7,0.126,32.59,169,30.7,521.21 TRY
Mar,Ankara,In-Store ,Cold Brew,Medium,Yes,103.79,13,0.102,43.62,203,6.8,1247.91 TRY
Mar,ESKISEHIR,In-Store,COLD BREW,Medium,Yes,103.88,3,0.117,46.27,92,4.7,294.43 TRY
Apr,Eskisehir,Online,Latte,Medium,NO,81.44,7,0.081,35.64,76,14.7,522.71 TRY
Mar,Ankara,In-Store,Cold Brew,Medium,Yes,114.63,5,0.132,46.17,126,8.6,473.08 TRY
Jun,Antalya,In-Store,Americano,Medium,No,83.47,11,0.057,34.29,219,28.0,853.50 TRY
Dec,Ankara,In-Store,Latte,Light,No,91.88,NA,0.088,42.77,183,7.5,532.89 TRY
Aug,Bursa,Delivery,Filter,Dark,no,64.24,4,0.05,26.72,109,27.4,261.16 TRY
Sep,Bursa,In-Store,Cappuccino,Medium,No,80.7,9,0.03,33.56,167,23.1,699.84 TRY
Jun,Antalya,Online,Latte,Medium,No,94.99,3,0.143,43.88,158,29.9,288.38 TRY
Jan!,Istanbul,Delivery,Filter,Light,No,82.88,8,0.098,36.4,152,6.3,594.13 TRY
Feb~,Istanbul,In-Store,Cold Brew,Medium,No,110.21,11,0.119,50.54,306,8.3,1092.73 TRY
Apr,Bursa,IN-STORE,filter,dark,Yes,NA,9,0.075,25.61,150,15.0,608.73 TRY
Mar,Izmir,Online,cappuccino,Light,Yes,85.08,5,0.127,39.2,NA,12.8,419.70 TRY
Nov,Izmir,In-Store,Filter,Light,No,69.22,10,0.04,30.35,152,14.1,683.34 TRY
Nov,Istanbul,In-Store,Espresso,Light,NO,NA,17,0.09,38.88,255,15.1,1252.06 TRY
Nov,Ankra, Online,Latte,Medium,Yes,90.62,5,0.157,38.31,134,9.0,377.49 TRY
Aug,Antalya, In-Store,Latte,Dark,Yes,95.24,12,0.107,39.33,263,32.3,1020.21 TRY
Jul ,Istanbul,In-Store,Cold Brew,Medium,No,118.67,12,0.036,52.23,330,27.8,1354.64 TRY
Aug,Ankara ,Online,Filter,Medium,Yes,67.18,15,0.144,27.66,223,23.8,828.42 TRY
May,Eskisehir,In-Store,Mocha,Dark,No,102.36,6,0.016,47.37,134,14.9,612.05 TRY
Sep,Istanbul,in-store,Mocha,Medium,No,100.26,10,0.019,46.26,304,22.3,970.21 TRY
Oct,Antalya,In-Store,Cappuccino,Medium,No,97.63,11,0.038,40.83,218,20.5,1019.72 TRY
Oct,Istanbul,Delivery,Latte,Light,Yes,101.09,13,0.148,44.0,233,14.1,1117.45 TRY
Aug,Antalya,online,Latte,MEDIUM,No~,96.74,13,0.053,43.61,204,30.2,1192.27 TRY
jan,Antalya,In-Store,Espresso,Dark,Yes,78.53,10,0.169,33.26,170,11.0,652.77 TRY
Sep,Eskisehir,In-Store,Latte,Medium,Yes,89.98,11,0.101,38.91,147,23.0,933.27 TRY
May,Istanbul,In-Store,Filter, Medium,No,72.99,15,0.005,32.73,234,20.1,1105.94 TRY
Sep,Izmir,In-Store,Mocha,Dark,No,100.23,10,0.057,47.62,185,20.3,997.86 TRY
Jul,Antalya,In-Store,Cold Brew,Medium,No,115.84,11,0.06,53.14,262,32.8,1186.81 TRY
 Nov,Istanbul,Delivery,Cappuccino,Medium,No,96.19,11,0.103,40.06,213,10.9,968.70 TRY
May,Istanbul,In-Store,Latte,Light,no,90.01,19,0.031,35.32,294,19.9,1647.59 TRY
Dec,Istanbul,Online,Espresso,DARK,NO,70.28,12,0.084,29.92,250,8.0,758.49 TRY
Nov,Eskisehir,In-Store,Cappuccino,Medium,No,80.09,9,0.043,32.12,117,9.1,743.45 TRY
Apr,Bursa,In-Store,Latte,Medium, No,95.47,6,0.08,41.75,132,13.3,507.79 TRY
Jun ,Bursa,In-Store,Americano,Light,No,71.39,8,NA,28.64,158,23.5,501.62 TRY
Jul,Antalya,In-Store,Espresso,Medium,Yes,78.2,8,0.11,32.8,208,34.2,539.09 TRY
 Oct,Izmir,Online,Mocha,Medium,No,99.55,8,0.077,41.72,151,19.5,684.87 TRY
Sep,Izmir,Delivery,Cappuccino,Medium,No,94.74,9,0.064,37.23,154,27.7,774.31 TRY
Nov,Ankara,Delivery,Cappuccino~,Light ,Yes,92.75,4,0.154,41.4,155,11.9,292.40 TRY
May,Bursa,In-Store,Americano,Dark,No,79.63,5,0.065,32.3,149,19.8,373.15 TRY
Jul,Istanbul,Online,Latte,Medium,Yes,85.16,22,0.114,37.47,244,23.4,1608.70 TRY
Jun,Eskisehir,In-Store,Cappuccino,Medium ,No,85.71,7,0.021,37.91,104,23.7,617.27 TRY
Nov ,Antalya,Delivery,Latte,Medium,Yes,102.7,14,0.154,47.02,144,15.6,1169.48 TRY
Apr,Ankara,In-Store,Latte,Dark,Yes,101.56,15,0.076,47.29,206,13.4,1404.43 TRY
Aug,Izmir,In-Store,Espresso,Dark,No,83.75,5,0.038,36.62,186,27.6,394.73 TRY
 Feb,Istanbul,In-Store,Filter,Medium,No,67.55,15,0.037,29.82,236,4.6,996.39 TRY
Nov,Eskisehir,In-Store,Espresso,Medium,Yes,70.6,4,0.152,32.4,NA,13.5,NA
May,Eskisehir,In-Store*, Latte,Medium,No,85.74,21,0.072,38.58,189,14.6,1700.57 TRY
May,Eskisehir,Delivery,AMERICANO, Dark,Yes,88.08,6,0.121,34.2,84,18.8,455.50 TRY
Jul ,Ankara,Online,Latte,Medium,No,96.05,7,0.05,41.2,189,25.2,627.11 TRY
Jun,Istanbul,Delivery,Americano,Light,No,86.4,13,0.061,37.68,209,23.2,1065.00 TRY
Nov,Istanbul,In-Store,Filter,Light,Yes,71.66,20,0.158,28.84,242,11.9,1232.48 TRY
JUL,Istanbul,In-Store,Cappuccino,Dark,No,99.52,17,0.014,46.03,335,24.4,1688.78 TRY
Jul,Istanb ul,In-Store,Mocha,Dark,No,108.85,14,0.037,NA,326,27.0,1475.56 TRY
Feb,Istanbul,In-Store,Americano,Dark,No,88.63,14,0.009,38.28,238,4.8,1235.47 TRY
Jan,Eskisehir,In-Store,Espresso,Medium,No,73.83,6,0.006,33.26,131,2.7,439.41 TRY
May,Istanbul,In-Store,Cappuccino,Dark#,No,92.6,19,0.01,39.45,285,20.9,1752.05 TRY
Dec!,Istanbul,NA,Latte,Dark ,No,102.07,26,0.059,46.28,300,8.5,2548.12 TRY
Dec,Antalya,In-Store,Latte,Medium,No,100.26,15,0.039,45.91,185,9.5,1439.18 TRY
Aug,Izmir,In-Store!,Filter,Light,No,68.24,17,0.017,25.72,214,31.2,1131.25 TRY
Aug,Antalya,Online,Mocha,Dark,No,99.6,10,0.046,44.25,181,31.5,939.16 TRY
May,Bursa,In-Store,Filter,Light,No,70.53,10,0.044,31.28,163,17.4,684.00 TRY
Mar,Eskisehir,Delivery,Americano,Medium,No,87.66,6,0.077,36.95,113,9.0,432.42 TRY
Jan,Bursa,In-Store,Cold Brew,Medium,No,105.0,12,NA,49.13,142,5.2,1207.48 TRY
May,Izmir,Online,Latte,Medium,No,92.95,7,0.046,37.75,156,19.2,642.74 TRY
Apr,Bursa,Online,LATTE,Medium ,no,92.4,3,0.036,37.28,106,17.2,254.07 TRY
Mar,ankara,Online,Filter,Medium,No,68.95,6,0.031,30.5,114,8.0,405.54 TRY
Apr,Ankara,Online,Mocha,Light,No,92.91,2,0.08,42.61,116,11.8,223.69 TRY
Jan,Izmri,Delivary,Filter,Dark,No,83.53,3,0.046,35.53,81,7.7,247.35 TRY
Aug,Istanbul,In-Store,Mocha,Light,No,102.69,20,0.063,45.98,373,29.4,1868.43 TRY
Dec,Antalya,In-Store,Espresso,Medium,No,79.13,7,0.106,34.73,139,11.5,459.95 TRY
Sep,Istanbul,In-Store,Mocha,Dark,No,111.04,19,0.054,48.34,320,19.9,1989.56 TRY
Jun,Istanbul,In-Store,Latte,Light,Yes,94.2,12,0.088,40.03,294,22.6,1010.83 TRY
Jun,Istanbul,In-Store, Filter,Light,No,70.65,18,0.057,30.05,350,26.7,1201.80 TRY
apr,Antalya,In-Store, Cold Brew,Dark,No,107.99,7,0.022,50.4,143,20.2,731.94 TRY
Feb,Ankara,In-Store,Espresso,Light,Yes,71.31,14,0.08,27.62,168,4.5,947.62 TRY
Aug,Bursa,In Store,Espresso,Light,No,65.04,13,0.055,26.92,213,29.2,771.73 TRY
Jul,Antalya,In-Store,Espresso,Medium,No,79.99,17,0.059,33.11,252,33.0,1274.41 TRY
Jan,Istanbul,In-Store,Latte,Dark,No,100.68,13,0.018,46.14,241,5.5,1290.71 TRY
May,Antalya#,Online,Espresso,Medium,Yes,73.89,4,0.129,31.02,107,23.2,265.96 TRY
Apr,Ankara~,Online,Mocha,Medium,No,96.6,1,0.055,41.41,119,12.7,94.96 TRY
Mar,Istanbul,In-Store,Latte, Dark,No,102.05,16,0.063,48.42,292,8.3,1469.65 TRY
Sep,Bursa,In-Store,Cold Brew,Medium,No,103.46,12,0.018,44.44,149,22.5,1221.25 TRY
Jul,Eskisehir, In-Store,Americano,Meduim,No,77.82,7,0.065,32.1,163,25.1,505.56 TRY
Aug,Ankara,In-Store,Latte,Medium,No,96.8,13,0.065,39.41,240,21.6,1198.21 TRY
Sep*,Izmir,Online, Espresso,Medium,Yes,66.87,2,0.135,26.66,113,25.1,133.76 TRY
Dec,Ankara,In-Store,Filter,Medium,No,71.74,13,0.063,31.16,210,5.4,879.89 TRY
Oct,Izmir,Delivery,Americano,Medium,Yes,78.3,5,0.107,33.53,126,21.6,357.44 TRY
Aug,bursa,In-Store,Espresso,Light,No,70.53,12,0.025,30.82,180,22.8,859.01 TRY
Nov,Izmir,Delivery,Filter,Medium,No,72.07,9,0.079,29.91,136,15.9,594.41 TRY
Nov,Izmir,In-Store,Latte,Medium,No,93.71,15,0.035,39.84,197,12.1,1329.33 TRY
Jan,Izmir,Delivery,Espresso,Medium,No,83.3,5,0.086,32.3,109,11.6,345.63 TRY
Mar,Istanbul,In-Store,Espresso,Light,No,76.53,17,0.033,31.3,280,7.2,1226.40 TRY
Jan,Ankara,Delivery,Americano,Medium,No,71.41,4,0.056,29.53,100,3.4,303.14 TRY
Feb,Ankara,Online,Filter,Dark,No,68.13,8,0.036,30.54,98,1.3,529.93 TRY
Mar,Antalya,In-Store,Mocha,Medium,Yes,99.61,12,0.097,40.26,179,15.7,1053.07 TRY
Jan,Bursa,In-Store,Cappuccino,Medium,No,85.12,4,0.009,35.37,107,8.4,340.88 TRY
Feb,Istanbul,In-Store,Mocha,Medium,No,102.64,12,0.076,46.22,217,6.4,1160.24 TRY
Jul,Istanbul,In-Store,Espresso,Light,No,73.25,26,0.013,32.25,338,27.4,1877.76 TRY
Oct,Eskisehir,Online,Espresso,Light,No,58.46,4,0.031,27.02,138,14.0,235.53 TRY
Mar,Antalya,Delivery,Latte,Light,No,104.1,7,0.09,45.45,149,13.8,647.87 TRY
Apr,Izmir,In-Store,Filter,Light,No,72.16,9,0.035,30.22,187,22.7,634.06 TRY
Dec,Istanbul,In-Store,Filter,Dark,No,77.8,13,0.068,35.99,236,4.1,941.61 TRY
Nov,Istanbul,In-Store,Cappuccino,Medium,Yes,97.98,8,0.146,40.5,245,11.1,626.33 TRY
Nov,Istanbul,In-Store,Cappuccino,Dark,Yes,81.99,23,0.097,37.72,244,13.6,1706.05 TRY
Aug,Istanbul,In-Store,Americano,Medium,No,81.69,16,0.012,35.19,306,24.4,1278.03 TRY
May,Ankara,Online,Americano,Medium,No,72.63,2,0.095,29.92,134,19.8,91.17 TRY
