month,location,channel,coffee_type,roast_level,promotion,price,units_sold,discount_rate,cost,footfall,temp,revenue
jan,izmir,delivery,espresso,medium,no,83.3,5.0,0.086,32.3,109.0,11.6,345.63
jan,istanbul,in-store,latte,dark,no,100.68,13.0,0.018,46.14,241.0,5.5,1290.71
jan,istanbul,in-store,mocha,light,yes,98.22,10.0,0.102,45.0,243.0,6.3,891.87
jan,izmir,delivery,filter,dark,no,83.53,3.0,0.046,35.53,81.0,7.7,247.35
jan,ankara,in-store,espresso,light,no,69.19,6.0,0.039,29.4,212.0,1.8,405.76
jan,eskisehir,online,cold brew,dark,no,107.62,4.0,0.117,46.17,114.0,4.6,379.56
jan,eskisehir,in-store,espresso,medium,no,73.83,6.0,0.006,33.26,131.0,2.7,439.41
jan,istanbul,in-store,mocha,medium,no,104.63,11.0,0.036,44.03,271.0,4.7,1108.42
jan,izmir,in-store,cappuccino,light,no,84.51,6.0,0.02,35.04,161.0,5.3,564.93
jan,antalya,in-store,latte,medium,no,95.59,6.0,0.019,38.45,186.0,11.9,585.81
jan,eskisehir,in-store,filter,light,no,65.14,9.0,0.025,24.95,92.0,5.1,566.42
jan,eskisehir,online,espresso,medium,no,69.04,6.0,0.071,25.04,137.0,2.7,400.82
jan,antalya,in-store,filter,medium,no,71.21,7.0,0.005,32.47,217.0,13.6,482.6
jan,bursa,in-store,cappuccino,medium,no,85.32,11.0,0.017,36.76,173.0,6.5,880.83
jan,ankara,in-store,latte,light,no,91.36,5.0,0.052,39.85,163.0,5.1,446.44
jan,ankara,in-store,mocha,light,yes,99.54,16.0,0.088,42.26,201.0,2.7,1470.83
jan,antalya,online,filter,medium,yes,63.75,6.0,0.118,27.69,149.0,9.3,338.72
jan,izmir,online,americano,medium,no,74.06,7.0,0.08,32.23,120.0,5.4,496.92
jan,istanbul,in-store,americano,light,no,81.12,20.0,0.122,32.94,263.0,7.5,1434.31
jan,eskisehir,in-store,espresso,medium,no,71.6,9.0,0.011,30.77,123.0,-1.2,604.01
jan,eskisehir,online,americano,medium,no,75.59,7.0,0.069,33.47,87.0,3.6,465.5
jan,istanbul,online,americano,medium,yes,85.36,11.0,0.106,33.81,219.0,7.2,863.82
jan,izmir,in-store,espresso,dark,yes,70.45,18.0,0.107,28.67,182.0,8.3,1119.3
jan,izmir,delivery,espresso,medium,no,83.3,5.0,0.086,32.3,109.0,11.6,345.63
jan,izmir,in-store,filter,light,yes,65.7,17.0,0.124,24.98,198.0,13.2,961.8
jan,eskisehir,in-store,cold brew,medium,no,103.09,4.0,0.048,47.47,149.0,6.3,381.41
jan,izmir,in-store,espresso,dark,no,75.95,10.0,0.017,34.32,145.0,7.7,771.16
jan,bursa,in-store,cappuccino,dark,no,91.38,10.0,0.017,40.38,124.0,7.9,900.66
jan,antalya,in-store,americano,medium,no,77.14,15.0,0.007,32.9,217.0,6.2,1128.19
jan,izmir,in-store,espresso,medium,no,77.33,4.0,0.02,32.99,159.0,7.5,319.03
jan,bursa,in-store,espresso,medium,no,73.86,3.0,0.011,28.72,119.0,4.7,200.35
jan,ankara,online,latte,medium,no,98.24,10.0,0.058,43.53,136.0,4.3,916.31
jan,eskisehir,in-store,cold brew,medium,no,107.78,5.0,0.011,47.51,109.0,7.4,520.15
jan,bursa,online,espresso,medium,yes,72.16,3.0,0.11,27.87,57.0,4.8,195.73
jan,ankara,in-store,espresso,dark,no,77.59,12.0,0.023,31.69,176.0,4.1,893.77
jan,bursa,in-store,cappuccino,medium,no,90.22,9.0,0.015,42.56,136.0,7.8,817.6
jan,izmir,online,espresso,dark,yes,69.81,6.0,0.116,29.18,160.0,2.8,376.84
jan,antalya,delivery,latte,light,yes,104.85,7.0,0.162,45.0,144.0,11.3,632.88
jan,istanbul,in-store,latte,light,no,93.83,12.0,0.038,40.93,244.0,5.1,1059.61
jan,izmir,delivery,cappuccino,dark,no,89.79,3.0,0.041,43.31,86.0,15.1,245.2
jan,eskisehir,in-store,latte,light,no,93.41,6.0,0.014,40.56,96.0,0.5,558.63
jan,eskisehir,in-store,filter,dark,no,65.84,9.0,0.027,31.0,123.0,-1.6,611.37
jan,istanbul,in-store,americano,medium,no,85.35,10.0,0.016,33.0,288.0,4.9,795.52
jan,ankara,delivery,americano,medium,no,71.41,4.0,0.056,29.53,100.0,3.4,303.14
jan,ankara,in-store,latte,dark,no,90.09,13.0,0.034,39.21,146.0,2.6,1139.75
jan,istanbul,in-store,latte,medium,yes,98.84,12.0,0.104,46.3,235.0,4.8,1064.11
jan,eskisehir,in-store,cappuccino,medium,no,81.01,7.0,0.061,34.86,121.0,1.6,545.23
jan,eskisehir,online,mocha,medium,no,97.67,4.0,0.078,39.9,89.0,2.9,347.56
jan,izmir,in-store,cappuccino,medium,yes,88.35,12.0,0.082,39.67,163.0,9.3,960.76
jan,eskisehir,in-store,filter,dark,no,68.38,11.0,0.054,30.32,105.0,1.6,703.45
jan,antalya,online,americano,medium,no,82.54,9.0,0.037,33.44,162.0,12.0,699.96
jan,antalya,in-store,latte,light,no,94.59,10.0,0.058,41.98,188.0,9.9,890.99
jan,bursa,in-store,cappuccino,medium,no,85.12,4.0,0.009,35.37,107.0,8.4,340.88
jan,izmir,in-store,espresso,dark,no,77.51,7.0,0.036,34.56,150.0,6.9,513.44
jan,ankara,in-store,filter,medium,yes,71.43,20.0,0.142,26.63,191.0,4.7,1247.59
jan,izmir,in-store,filter,light,no,68.23,9.0,0.046,30.11,159.0,6.4,539.94
jan,ankara,in-store,espresso,light,no,78.52,11.0,0.028,32.83,203.0,3.8,817.72
jan,antalya,in-store,filter,light,no,68.37,11.0,0.027,29.86,176.0,10.5,701.2
jan,istanbul,in-store,espresso,light,no,75.74,7.0,0.03,32.13,210.0,6.3,524.27
jan,ankara,in-store,mocha,light,no,97.58,15.0,0.024,43.2,233.0,6.4,1414.15
jan,antalya,in-store,espresso,dark,yes,78.53,10.0,0.169,33.26,170.0,11.0,652.77
jan,antalya,delivery,americano,dark,no,86.24,9.0,0.062,37.47,130.0,9.6,787.83
jan,ankara,in-store,mocha,dark,no,99.74,8.0,0.08,40.86,175.0,0.8,739.57
jan,ankara,in-store,latte,medium,no,94.03,9.0,0.023,39.76,201.0,3.2,843.96
jan,bursa,in-store,latte,medium,no,96.88,1.0,0.003,40.39,142.0,4.9,83.94
jan,ankara,in-store,espresso,light,no,71.76,9.0,0.015,27.88,156.0,1.5,609.19
jan,istanbul,delivery,filter,light,no,82.88,8.0,0.098,36.4,152.0,6.3,594.13
jan,ankara,in-store,cappuccino,medium,yes,81.73,16.0,0.139,36.7,197.0,6.1,1093.02
jan,antalya,online,espresso,dark,no,71.25,8.0,0.085,31.1,130.0,10.5,579.12
jan,izmir,online,mocha,dark,no,100.12,6.0,0.035,47.79,118.0,10.8,593.57
jan,izmir,delivery,latte,dark,yes,109.18,12.0,0.156,50.59,147.0,8.0,1115.17
jan,istanbul,in-store,filter,medium,yes,73.81,19.0,0.138,31.85,244.0,10.3,1214.55
jan,istanbul,delivery,latte,medium,no,95.47,11.0,0.062,40.9,209.0,4.8,1002.62
jan,bursa,in-store,cappuccino,medium,no,85.12,4.0,0.009,35.37,107.0,8.4,340.88
jan,ankara,delivery,americano,medium,no,71.41,4.0,0.056,29.53,100.0,3.4,303.14
jan,ankara,delivery,latte,light,no,98.01,7.0,0.081,42.03,122.0,3.9,608.15
jan,ankara,in-store,cold brew,medium,no,108.15,7.0,0.026,47.58,152.0,4.2,722.31
jan,istanbul,in-store,espresso,medium,no,74.59,16.0,0.006,34.47,280.0,9.1,1154.93
jan,bursa,in-store,latte,medium,yes,90.77,12.0,0.119,41.86,155.0,5.6,942.02
jan,ankara,in-store,mocha,dark,no,97.96,8.0,0.028,48.3,171.0,6.5,688.15
jan,ankara,online,mocha,medium,no,97.72,12.0,0.049,44.91,171.0,3.0,1105.21
jan,bursa,delivery,cold brew,dark,no,108.88,4.0,0.098,50.47,122.0,3.6,422.22
jan,izmir,in-store,cappuccino,medium,no,85.69,11.0,0.019,33.24,172.0,10.3,917.86
jan,bursa,in-store,cold brew,medium,no,107.18,5.0,0.044,47.68,152.0,5.4,517.09
jan,istanbul,in-store,mocha,light,no,99.5,11.0,0.027,44.2,246.0,5.9,1043.45
jan,bursa,in-store,filter,medium,no,72.09,8.0,0.039,27.51,160.0,5.3,602.52
feb,eskisehir,online,americano,light,no,73.93,3.0,0.096,31.16,81.0,5.7,198.21
feb,izmir,delivery,americano,medium,no,93.04,6.0,0.046,40.17,124.0,8.5,545.48
feb,ankara,in-store,cold brew,light,no,110.44,13.0,0.008,46.52,203.0,5.3,1403.77
feb,ankara,in-store,espresso,light,no,64.46,7.0,0.022,30.01,161.0,7.9,455.8
feb,ankara,online,latte,dark,no,92.94,8.0,0.066,39.98,159.0,2.9,686.62
feb,ankara,in-store,cappuccino,medium,no,89.86,10.0,0.066,36.83,180.0,4.9,820.41
feb,ankara,online,latte,light,no,89.15,3.0,0.047,40.37,97.0,5.4,230.81
feb,istanbul,delivery,cappuccino,dark,no,92.82,9.0,0.054,40.22,164.0,7.2,797.45
feb,bursa,in-store,filter,medium,yes,66.56,4.0,0.14,26.63,102.0,5.4,235.49
feb,bursa,in-store,espresso,medium,no,81.56,7.0,0.026,33.62,134.0,4.1,557.38
feb,eskisehir,online,mocha,light,no,87.85,3.0,0.054,35.92,92.0,3.0,273.8
feb,eskisehir,online,cappuccino,dark,no,86.31,6.0,0.066,33.46,98.0,3.0,516.43
feb,eskisehir,in-store,cold brew,medium,no,114.19,4.0,0.025,49.96,113.0,5.0,504.62
feb,antalya,online,cappuccino,dark,no,81.45,4.0,0.054,36.2,161.0,13.2,319.64
feb,antalya,in-store,cappuccino,dark,yes,97.14,12.0,0.106,38.02,170.0,11.8,993.26
feb,ankara,in-store,espresso,medium,no,70.85,12.0,0.063,28.6,194.0,3.5,774.04
feb,ankara,in-store,americano,light,no,83.57,7.0,0.021,35.44,168.0,4.8,567.96
feb,antalya,delivery,cold brew,medium,yes,120.01,3.0,0.119,59.27,107.0,14.0,326.25
feb,istanbul,delivery,cappuccino,light,no,96.51,9.0,0.042,37.17,214.0,5.7,827.49
feb,eskisehir,in-store,americano,medium,no,79.86,7.0,0.015,34.85,145.0,4.6,524.78
feb,ankara,in-store,latte,dark,no,93.89,11.0,0.016,46.75,145.0,5.2,1013.24
feb,izmir,in-store,latte,medium,no,101.11,16.0,0.046,47.32,190.0,12.6,1555.34
feb,istanbul,in-store,cold brew,medium,no,110.21,11.0,0.119,50.54,306.0,8.3,1092.73
feb,bursa,in-store,espresso,medium,no,72.21,6.0,0.037,29.32,79.0,6.1,449.12
feb,istanbul,in-store,filter,medium,yes,77.39,20.0,0.114,32.8,273.0,8.4,1407.29
feb,izmir,in-store,mocha,medium,yes,104.35,13.0,0.112,51.32,156.0,11.9,1195.28
feb,izmir,in-store,espresso,dark,no,79.83,14.0,0.096,33.0,224.0,10.4,976.44
feb,istanbul,online,espresso,light,no,79.67,5.0,0.066,37.23,157.0,9.5,405.22
feb,ankara,delivery,cold brew,medium,no,112.12,9.0,0.068,49.17,154.0,4.2,981.97
feb,ankara,in-store,espresso,dark,no,73.66,7.0,0.039,29.68,141.0,3.7,493.69
feb,ankara,in-store,americano,medium,yes,75.77,4.0,0.174,31.24,161.0,5.4,251.01
feb,ankara,in-store,cappuccino,dark,yes,98.98,7.0,0.088,39.48,152.0,5.3,616.27
feb,istanbul,in-store,filter,medium,yes,72.42,17.0,0.097,30.62,204.0,8.3,1108.18
feb,istanbul,in-store,espresso,medium,no,76.27,24.0,0.014,33.41,249.0,5.7,1816.51
feb,eskisehir,in-store,mocha,medium,no,94.03,5.0,0.049,39.72,63.0,2.5,430.84
feb,eskisehir,online,latte,medium,yes,89.19,5.0,0.123,41.86,99.0,6.3,425.97
feb,istanbul,delivery,espresso,medium,no,81.97,7.0,0.035,30.33,194.0,9.9,564.84
feb,izmir,online,filter,dark,no,69.97,8.0,0.085,28.93,100.0,13.5,519.57
feb,istanbul,in-store,filter,light,no,70.9,15.0,0.069,30.76,235.0,4.6,974.48
feb,ankara,in-store,latte,medium,no,91.87,9.0,0.017,39.93,147.0,3.5,830.13
feb,istanbul,in-store,filter,medium,no,67.55,15.0,0.037,29.82,236.0,4.6,996.39
feb,istanbul,online,mocha,light,no,97.09,9.0,0.035,42.63,214.0,8.7,852.31
feb,istanbul,in-store,mocha,medium,no,102.64,12.0,0.076,46.22,217.0,6.4,1160.24
feb,istanbul,online,latte,medium,yes,98.42,5.0,0.12,43.85,148.0,7.8,456.69
feb,antalya,in-store,espresso,medium,no,81.67,14.0,0.021,34.07,198.0,10.0,1107.55
feb,izmir,in-store,latte,medium,yes,93.61,8.0,0.111,39.68,167.0,6.8,657.45
feb,izmir,in-store,cappuccino,medium,yes,93.08,16.0,0.122,40.96,208.0,9.2,1322.37
feb,eskisehir,in-store,espresso,medium,no,73.46,10.0,0.037,29.88,114.0,5.8,687.14
feb,bursa,delivery,cappuccino,medium,no,88.53,10.0,0.046,37.54,97.0,7.4,830.38
feb,ankara,in-store,americano,medium,no,88.16,4.0,0.007,41.01,175.0,5.8,362.78
feb,ankara,online,cappuccino,medium,no,86.24,8.0,0.042,34.77,141.0,4.5,672.23
feb,antalya,in-store,mocha,medium,no,103.87,9.0,0.073,44.45,182.0,13.7,857.74
feb,izmir,in-store,espresso,light,no,76.36,7.0,0.013,30.6,142.0,6.2,484.58
feb,istanbul,in-store,latte,light,yes,96.87,13.0,0.117,41.32,207.0,9.2,1103.25
feb,antalya,in-store,cappuccino,light,no,86.13,12.0,0.039,37.0,202.0,14.2,1029.93
feb,istanbul,in-store,latte,light,yes,88.39,17.0,0.104,40.57,224.0,7.0,1306.61
feb,istanbul,in-store,cold brew,light,no,110.03,5.0,0.027,48.43,241.0,8.5,533.82
feb,ankara,online,mocha,light,no,93.72,13.0,0.047,38.77,160.0,5.0,1146.82
feb,istanbul,in-store,latte,medium,no,98.03,7.0,0.074,45.35,276.0,8.1,646.97
feb,ankara,in-store,latte,light,no,90.35,13.0,0.046,42.31,154.0,7.2,1118.28
feb,izmir,in-store,espresso,medium,yes,76.2,10.0,0.096,32.53,128.0,8.6,705.8
feb,istanbul,in-store,espresso,medium,no,73.49,17.0,0.037,31.95,233.0,6.9,1186.78
feb,bursa,delivery,latte,light,yes,90.66,4.0,0.122,39.77,92.0,6.8,298.9
feb,eskisehir,delivery,americano,medium,no,78.47,4.0,0.045,29.88,83.0,5.5,274.79
feb,antalya,in-store,mocha,light,no,97.14,9.0,0.029,38.97,219.0,12.8,864.77
feb,istanbul,online,mocha,dark,yes,97.32,7.0,0.126,46.1,136.0,5.1,608.39
feb,eskisehir,in-store,mocha,dark,no,102.6,5.0,0.01,48.75,125.0,4.4,469.37
feb,istanbul,in-store,americano,medium,no,82.62,14.0,0.014,32.54,242.0,7.7,1122.05
feb,istanbul,online,latte,medium,yes,104.75,14.0,0.128,41.95,173.0,9.9,1343.59
feb,ankara,online,cold brew,medium,no,102.46,2.0,0.069,47.76,107.0,2.5,197.93
feb,eskisehir,in-store,latte,medium,yes,94.07,8.0,0.133,40.35,108.0,3.7,659.85
feb,antalya,in-store,mocha,dark,no,105.78,6.0,0.01,48.07,199.0,11.2,592.26
feb,eskisehir,in-store,cappuccino,medium,yes,89.29,7.0,0.125,39.97,118.0,2.9,489.43
feb,istanbul,online,mocha,medium,yes,104.44,8.0,0.11,42.23,189.0,5.5,759.08
feb,eskisehir,in-store,americano,light,no,73.79,3.0,0.068,34.88,89.0,1.5,222.88
feb,antalya,in-store,latte,medium,no,93.86,14.0,0.02,38.29,144.0,12.0,1298.63
feb,ankara,in-store,americano,medium,no,78.49,5.0,0.045,30.13,156.0,4.4,366.67
feb,eskisehir,delivery,americano,medium,no,81.74,6.0,0.037,36.24,101.0,2.3,468.03
feb,istanbul,online,espresso,light,yes,81.22,17.0,0.172,33.35,205.0,3.2,1142.45
feb,ankara,online,latte,dark,yes,95.94,6.0,0.13,41.57,86.0,3.8,498.14
feb,istanbul,in-store,mocha,medium,no,100.11,9.0,0.023,46.17,240.0,3.1,881.76
feb,ankara,in-store,americano,dark,no,79.58,8.0,0.077,33.79,211.0,5.8,580.74
feb,eskisehir,in-store,cappuccino,medium,no,89.49,9.0,0.042,34.44,147.0,8.1,747.97
feb,antalya,in-store,latte,light,no,93.36,10.0,0.02,38.07,157.0,13.1,876.79
feb,izmir,in-store,cold brew,light,no,107.47,7.0,0.053,44.96,165.0,9.1,752.46
feb,ankara,in-store,espresso,light,yes,71.31,14.0,0.08,27.62,168.0,4.5,947.62
feb,eskisehir,delivery,espresso,light,no,73.65,2.0,0.044,30.59,66.0,4.6,115.76
feb,izmir,in-store,filter,medium,no,73.62,9.0,0.009,33.48,158.0,7.6,688.22
feb,antalya,in-store,cappuccino,medium,yes,93.27,13.0,0.111,40.02,187.0,12.7,1096.75
feb,istanbul,in-store,americano,dark,no,88.63,14.0,0.009,38.28,238.0,4.8,1235.47
feb,bursa,delivery,cold brew,dark,yes,113.4,4.0,0.136,47.76,68.0,8.4,368.57
feb,istanbul,in-store,mocha,medium,no,102.64,12.0,0.076,46.22,217.0,6.4,1160.24
feb,eskisehir,delivery,filter,dark,no,73.83,6.0,0.1,33.28,85.0,4.4,427.45
feb,istanbul,in-store,cappuccino,medium,no,89.04,10.0,0.019,37.94,254.0,7.2,902.15
feb,antalya,in-store,espresso,medium,no,83.69,9.0,0.158,31.49,147.0,11.0,621.15
feb,bursa,in-store,cold brew,light,no,122.1,6.0,0.054,54.12,164.0,5.8,686.37
feb,antalya,online,espresso,light,yes,71.62,11.0,0.112,30.54,135.0,6.0,679.56
feb,istanbul,delivery,mocha,light,no,110.88,9.0,0.058,48.16,193.0,4.8,1001.48
feb,izmir,in-store,latte,light,no,85.23,9.0,0.038,36.03,156.0,11.3,739.31
feb,istanbul,in-store,cappuccino,dark,no,88.84,20.0,0.01,42.28,266.0,7.3,1781.6
feb,istanbul,online,espresso,medium,no,75.39,11.0,0.05,32.49,180.0,5.8,736.65
feb,antalya,delivery,cold brew,medium,no,118.37,4.0,0.044,50.91,144.0,10.7,472.41
feb,bursa,delivery,americano,medium,yes,80.82,6.0,0.107,32.38,76.0,4.1,456.18
feb,izmir,in-store,americano,medium,yes,79.69,8.0,0.132,29.34,179.0,9.9,552.09
feb,ankara,online,filter,dark,no,68.13,8.0,0.036,30.54,98.0,1.3,529.93
feb,bursa,online,espresso,medium,no,72.38,8.0,0.042,30.19,116.0,8.5,555.14
feb,bursa,in-store,cappuccino,light,yes,82.82,8.0,0.114,37.08,72.0,5.0,600.91
feb,istanbul,delivery,filter,medium,no,76.33,8.0,0.068,31.48,150.0,10.5,575.31
feb,eskisehir,delivery,cappuccino,light,no,97.16,7.0,0.079,38.02,88.0,3.8,623.48
feb,izmir,in-store,mocha,light,yes,99.56,5.0,0.13,42.72,116.0,11.0,408.79
feb,antalya,in-store,latte,dark,yes,97.64,11.0,0.169,43.4,154.0,8.6,903.45
feb,antalya,delivery,americano,dark,no,81.14,7.0,0.058,34.82,142.0,9.5,552.9
feb,antalya,in-store,filter,medium,yes,67.86,12.0,0.083,31.9,162.0,9.4,750.6
feb,ankara,in-store,espresso,medium,no,76.11,8.0,0.064,33.89,187.0,7.9,593.92
feb,ankara,in-store,mocha,dark,yes,102.33,5.0,0.093,45.91,158.0,1.2,417.31
feb,izmir,in-store,cold brew,medium,yes,105.46,11.0,0.085,45.22,177.0,7.3,1015.79
feb,eskisehir,in-store,latte,dark,no,92.43,5.0,0.057,43.76,79.0,5.6,427.75
feb,antalya,in-store,americano,light,no,83.25,10.0,0.059,36.18,137.0,9.3,797.16
mar,izmir,in-store,filter,medium,yes,69.79,13.0,0.124,30.44,171.0,14.0,776.89
mar,istanbul,in-store,latte,dark,no,102.05,16.0,0.063,48.42,292.0,8.3,1469.65
mar,eskisehir,delivery,espresso,light,no,66.54,3.0,0.082,31.09,93.0,10.9,164.08
mar,eskisehir,online,americano,dark,yes,77.92,3.0,0.121,34.77,68.0,7.9,197.68
mar,istanbul,delivery,americano,medium,yes,83.52,9.0,0.157,35.28,203.0,12.5,654.7
mar,istanbul,online,mocha,dark,no,101.66,2.0,0.138,48.97,181.0,15.0,219.34
mar,istanbul,in-store,americano,light,no,85.24,20.0,0.032,33.46,274.0,7.7,1636.01
mar,antalya,in-store,filter,dark,no,73.95,12.0,0.065,33.0,186.0,13.6,847.92
mar,antalya,delivery,latte,light,no,104.1,7.0,0.09,45.45,149.0,13.8,647.87
mar,ankara,in-store,cold brew,medium,yes,103.79,13.0,0.102,43.62,203.0,6.8,1247.91
mar,eskisehir,delivery,americano,medium,no,78.72,4.0,0.051,28.88,108.0,8.8,291.43
mar,antalya,in-store,americano,medium,no,77.38,12.0,0.029,31.71,185.0,14.0,904.62
mar,bursa,in-store,mocha,dark,no,97.99,4.0,0.037,43.05,123.0,8.7,426.09
mar,bursa,in-store,americano,medium,no,76.59,8.0,0.009,30.56,116.0,9.8,611.4
mar,izmir,in-store,latte,dark,no,101.62,12.0,0.065,49.92,171.0,12.6,1135.33
mar,istanbul,in-store,latte,light,no,93.66,20.0,0.025,37.92,310.0,11.6,1823.76
mar,istanbul,online,cappuccino,dark,no,94.9,13.0,0.054,39.97,231.0,11.7,1171.21
mar,eskisehir,online,latte,medium,no,87.04,8.0,0.073,39.49,88.0,6.4,631.22
mar,ankara,in-store,mocha,light,no,97.4,13.0,0.019,42.59,218.0,7.7,1212.16
mar,istanbul,delivery,americano,medium,yes,84.48,11.0,0.16,35.74,192.0,12.2,805.27
mar,antalya,online,cold brew,medium,yes,104.83,4.0,0.126,44.2,176.0,12.4,378.55
mar,antalya,in-store,filter,medium,no,67.87,14.0,0.073,27.06,197.0,14.7,881.48
mar,bursa,in-store,mocha,light,no,93.03,7.0,0.012,40.01,91.0,12.2,625.21
mar,istanbul,in-store,latte,light,no,91.84,16.0,0.029,42.96,300.0,14.9,1449.19
mar,izmir,in-store,espresso,medium,yes,67.73,10.0,0.162,30.0,130.0,12.4,579.23
mar,antalya,online,filter,dark,no,73.0,1.0,0.078,30.0,107.0,14.3,112.68
mar,antalya,in-store,americano,medium,no,77.05,13.0,0.053,33.16,172.0,10.8,915.53
mar,antalya,delivery,espresso,medium,no,81.07,7.0,0.045,34.87,106.0,14.2,531.55
mar,bursa,in-store,mocha,dark,no,103.81,13.0,0.024,47.44,209.0,9.4,1293.73
mar,antalya,online,filter,dark,yes,72.94,15.0,0.109,33.12,135.0,17.4,973.13
mar,istanbul,delivery,americano,medium,no,85.33,8.0,0.045,32.18,189.0,11.7,675.1
mar,istanbul,in-store,americano,medium,yes,77.21,15.0,0.124,32.36,268.0,9.8,990.63
mar,istanbul,delivery,americano,medium,yes,91.23,14.0,0.134,38.65,156.0,6.0,1135.09
mar,bursa,delivery,mocha,dark,no,106.03,8.0,0.042,43.96,149.0,11.0,819.86
mar,izmir,online,filter,medium,no,70.62,10.0,0.048,29.76,120.0,11.9,670.34
mar,istanbul,delivery,mocha,dark,no,105.77,5.0,0.035,47.2,138.0,7.4,503.7
mar,eskisehir,online,espresso,medium,yes,75.96,5.0,0.129,33.48,90.0,8.2,356.76
mar,eskisehir,in-store,cold brew,medium,yes,103.88,3.0,0.117,46.27,92.0,4.7,294.43
mar,ankara,delivery,mocha,dark,no,105.39,6.0,0.111,46.23,168.0,9.0,590.03
mar,istanbul,in-store,cold brew,medium,no,110.32,11.0,0.034,47.94,277.0,8.8,1149.23
mar,eskisehir,in-store,latte,light,no,84.63,7.0,0.024,36.69,130.0,9.8,589.72
mar,ankara,in-store,latte,medium,yes,99.05,10.0,0.146,45.2,194.0,11.3,840.62
mar,eskisehir,in-store,mocha,dark,no,94.5,5.0,0.035,43.91,135.0,10.0,472.97
mar,antalya,in-store,espresso,medium,no,78.4,11.0,0.107,30.87,189.0,14.1,773.88
mar,ankara,in-store,cold brew,medium,yes,114.63,5.0,0.132,46.17,126.0,8.6,473.08
mar,eskisehir,online,cappuccino,light,no,88.11,4.0,0.082,33.59,112.0,8.6,332.82
mar,eskisehir,in-store,americano,medium,yes,76.3,13.0,0.097,31.65,120.0,7.5,867.49
mar,ankara,delivery,filter,dark,no,78.15,6.0,0.067,32.72,117.0,8.4,426.37
mar,istanbul,in-store,espresso,light,no,76.53,17.0,0.033,31.3,280.0,7.2,1226.4
mar,eskisehir,online,espresso,light,yes,63.59,5.0,0.104,26.47,50.0,7.9,293.28
mar,bursa,in-store,filter,light,no,65.1,7.0,0.019,28.29,112.0,11.5,463.04
mar,eskisehir,online,cold brew,medium,no,100.73,5.0,0.059,40.99,86.0,9.8,503.57
mar,antalya,in-store,cappuccino,dark,no,95.41,7.0,0.07,42.06,151.0,12.9,633.73
mar,ankara,in-store,cold brew,medium,no,115.04,14.0,0.034,51.23,194.0,7.8,1557.81
mar,izmir,in-store,latte,dark,no,93.38,9.0,0.036,38.27,156.0,13.3,838.45
mar,ankara,in-store,latte,light,yes,91.98,7.0,0.104,38.06,180.0,7.5,589.83
mar,istanbul,in-store,latte,medium,no,95.66,7.0,0.023,38.36,235.0,10.1,688.23
mar,antalya,in-store,mocha,medium,no,100.03,6.0,0.006,42.17,158.0,16.6,598.67
mar,istanbul,in-store,americano,light,yes,75.64,10.0,0.111,33.56,232.0,8.8,679.87
mar,istanbul,online,cappuccino,dark,yes,96.99,13.0,0.118,41.48,203.0,7.9,1136.64
mar,ankara,in-store,americano,medium,no,75.12,10.0,0.012,30.89,195.0,11.1,739.38
mar,antalya,in-store,cold brew,medium,yes,107.55,12.0,0.146,46.18,169.0,13.7,1082.92
mar,antalya,online,espresso,medium,no,77.6,8.0,0.032,32.0,127.0,17.0,618.74
mar,istanbul,online,latte,medium,no,101.35,12.0,0.098,44.22,194.0,11.9,1069.33
mar,ankara,in-store,filter,medium,no,70.22,12.0,0.019,31.43,206.0,5.9,838.67
mar,istanbul,in-store,latte,medium,no,101.79,26.0,0.028,45.22,270.0,10.1,2547.3
mar,eskisehir,in-store,americano,light,yes,77.4,9.0,0.089,31.67,163.0,6.9,621.07
mar,ankara,in-store,americano,medium,no,73.59,12.0,0.046,29.11,191.0,3.3,809.89
mar,eskisehir,online,americano,light,no,73.3,3.0,0.092,28.67,81.0,8.5,199.97
mar,istanbul,in-store,filter,medium,no,74.34,24.0,0.026,34.58,291.0,7.6,1758.64
mar,ankara,in-store,cappuccino,light,yes,92.24,9.0,0.11,37.09,169.0,8.5,721.04
mar,istanbul,in-store,cold brew,light,no,109.63,7.0,0.051,46.73,241.0,9.8,740.66
mar,antalya,in-store,mocha,medium,yes,99.61,12.0,0.097,40.26,179.0,15.7,1053.07
mar,bursa,in-store,americano,dark,yes,76.25,11.0,0.088,35.38,131.0,9.5,771.68
mar,ankara,online,filter,medium,no,68.95,6.0,0.031,30.5,114.0,8.0,405.54
mar,eskisehir,delivery,americano,medium,no,87.66,6.0,0.077,36.95,113.0,9.0,432.42
mar,istanbul,in-store,cappuccino,medium,no,95.7,13.0,0.007,38.95,299.0,13.5,1235.09
mar,antalya,delivery,espresso,light,no,75.52,5.0,0.06,29.43,138.0,16.0,390.77
mar,istanbul,in-store,espresso,light,no,76.53,17.0,0.033,31.3,280.0,7.2,1226.4
mar,antalya,in-store,espresso,medium,yes,75.58,13.0,0.078,27.76,215.0,15.7,910.69
apr,antalya,in-store,cold brew,dark,no,107.99,7.0,0.022,50.4,143.0,20.2,731.94
apr,ankara,online,mocha,medium,no,96.6,1.0,0.055,41.41,119.0,12.7,94.96
apr,ankara,online,mocha,light,no,92.91,2.0,0.08,42.61,116.0,11.8,223.69
apr,izmir,delivery,cappuccino,medium,no,95.32,5.0,0.054,41.5,101.0,15.8,461.89
apr,eskisehir,online,espresso,medium,no,73.07,10.0,0.052,28.43,120.0,12.4,688.78
apr,istanbul,online,americano,medium,no,80.31,5.0,0.087,33.74,182.0,12.6,393.32
apr,istanbul,online,espresso,light,no,75.43,9.0,0.057,30.13,182.0,13.3,643.36
apr,istanbul,in-store,latte,medium,yes,93.15,19.0,0.087,42.42,276.0,14.8,1654.54
apr,bursa,in-store,espresso,medium,no,74.64,9.0,0.065,33.33,164.0,15.7,647.53
apr,istanbul,in-store,latte,light,no,89.61,20.0,0.013,40.25,292.0,9.4,1744.09
apr,eskisehir,delivery,mocha,dark,yes,95.3,4.0,0.134,43.83,116.0,8.7,328.61
apr,bursa,online,latte,medium,no,80.58,9.0,0.072,35.69,132.0,14.4,693.48
apr,istanbul,delivery,mocha,medium,yes,104.55,9.0,0.105,48.38,188.0,13.8,857.73
apr,antalya,in-store,cold brew,light,no,112.63,6.0,0.012,48.54,199.0,18.0,657.79
apr,istanbul,online,filter,dark,no,78.37,13.0,0.032,35.55,204.0,11.2,986.42
apr,ankara,delivery,espresso,medium,no,83.71,10.0,0.083,38.48,151.0,11.3,765.06
apr,istanbul,in-store,latte,dark,no,96.85,16.0,0.006,43.77,302.0,15.8,1507.99
apr,istanbul,in-store,espresso,light,no,75.91,13.0,0.016,29.72,266.0,12.4,950.51
apr,istanbul,in-store,cold brew,medium,no,111.74,14.0,0.008,48.39,310.0,13.3,1578.29
apr,ankara,online,americano,light,no,77.67,5.0,0.055,29.32,124.0,12.8,370.4
apr,izmir,in-store,americano,medium,no,77.33,6.0,0.033,30.83,187.0,14.2,399.38
apr,izmir,online,filter,medium,no,69.52,7.0,0.135,32.68,103.0,16.0,458.82
apr,istanbul,in-store,mocha,light,no,101.99,13.0,0.029,42.76,267.0,17.0,1287.5
apr,antalya,delivery,filter,dark,no,81.33,8.0,0.045,33.45,131.0,15.8,630.27
apr,istanbul,in-store,mocha,light,no,101.83,15.0,0.029,44.28,271.0,16.7,1457.82
apr,eskisehir,in-store,espresso,medium,no,74.3,7.0,0.022,29.69,104.0,14.1,539.12
apr,izmir,online,espresso,medium,no,76.37,3.0,0.084,30.06,142.0,15.3,244.74
apr,eskisehir,in-store,latte,light,no,84.22,12.0,0.07,38.25,154.0,12.2,947.04
apr,ankara,in-store,mocha,medium,no,98.35,8.0,0.04,44.23,204.0,12.4,787.32
apr,istanbul,in-store,cold brew,light,no,109.81,8.0,0.004,48.88,266.0,13.6,843.62
apr,istanbul,in-store,mocha,light,no,103.74,19.0,0.026,46.07,281.0,13.9,1918.96
apr,izmir,in-store,espresso,medium,no,76.75,5.0,0.011,30.46,192.0,18.5,406.13
apr,istanbul,in-store,mocha,dark,no,106.47,16.0,0.047,44.54,284.0,14.0,1594.85
apr,ankara,online,mocha,medium,no,98.22,6.0,0.07,43.46,119.0,12.4,552.17
apr,istanbul,delivery,espresso,medium,no,83.5,9.0,0.068,37.51,217.0,16.5,669.67
apr,izmir,in-store,latte,medium,yes,96.07,11.0,0.087,40.12,159.0,14.0,944.29
apr,izmir,delivery,espresso,light,yes,86.6,10.0,0.135,38.94,181.0,15.8,741.5
apr,ankara,in-store,latte,light,yes,91.06,10.0,0.081,40.48,172.0,12.8,837.24
apr,ankara,in-store,latte,dark,no,94.53,14.0,0.015,43.18,242.0,11.2,1336.89
apr,istanbul,delivery,latte,dark,no,106.37,4.0,0.035,48.81,204.0,14.8,418.66
apr,izmir,in-store,latte,dark,no,100.68,10.0,0.022,46.65,174.0,19.3,991.47
apr,ankara,in-store,filter,dark,no,77.69,6.0,0.045,36.08,216.0,12.1,455.43
apr,ankara,in-store,cappuccino,medium,no,81.16,7.0,0.046,32.0,208.0,11.6,567.84
apr,eskisehir,online,latte,medium,no,81.44,7.0,0.081,35.64,76.0,14.7,522.71
apr,istanbul,online,espresso,medium,no,81.77,5.0,0.057,37.22,198.0,12.0,390.42
apr,izmir,in-store,filter,light,no,72.16,9.0,0.035,30.22,187.0,22.7,634.06
apr,ankara,in-store,cappuccino,medium,no,89.95,10.0,0.035,36.77,222.0,10.4,896.04
apr,bursa,in-store,cold brew,light,no,100.22,5.0,0.006,43.51,121.0,11.5,551.27
apr,eskisehir,in-store,espresso,medium,no,78.26,6.0,0.047,32.84,105.0,8.1,493.5
apr,ankara,in-store,latte,light,no,91.23,7.0,0.023,39.5,167.0,11.3,678.37
apr,izmir,delivery,cappuccino,medium,yes,88.03,4.0,0.132,34.48,187.0,17.7,349.7
apr,istanbul,delivery,cappuccino,medium,no,102.03,12.0,0.072,45.59,248.0,14.4,1158.95
apr,eskisehir,in-store,cold brew,dark,no,109.58,4.0,0.017,56.18,154.0,11.7,414.69
apr,istanbul,in-store,cappuccino,medium,yes,92.24,20.0,0.078,36.43,283.0,12.9,1697.57
apr,izmir,in-store,espresso,dark,no,77.04,6.0,0.078,34.25,197.0,17.6,391.07
apr,bursa,in-store,americano,medium,no,81.98,7.0,0.077,34.8,124.0,11.3,538.2
apr,bursa,delivery,americano,dark,no,88.24,3.0,0.047,37.23,128.0,12.6,268.5
apr,ankara,in-store,cappuccino,medium,yes,93.25,12.0,0.079,40.81,206.0,11.7,1055.4
apr,istanbul,in-store,cappuccino,light,no,96.12,16.0,0.031,37.71,280.0,12.5,1511.97
apr,ankara,in-store,espresso,dark,no,73.68,13.0,0.011,33.18,204.0,14.2,947.98
apr,istanbul,in-store,americano,medium,yes,80.66,17.0,0.091,30.44,234.0,15.0,1278.53
apr,izmir,delivery,latte,medium,no,97.91,7.0,0.057,43.03,147.0,15.8,681.32
apr,istanbul,in-store,cold brew,medium,no,113.05,11.0,0.069,48.27,308.0,13.6,1153.12
apr,eskisehir,delivery,latte,medium,no,90.1,8.0,0.068,40.33,79.0,8.1,688.91
apr,izmir,in-store,espresso,medium,no,81.96,10.0,0.046,33.46,161.0,17.3,744.98
apr,eskisehir,in-store,latte,light,yes,84.42,15.0,0.159,34.96,146.0,11.9,1077.96
apr,antalya,in-store,americano,light,no,84.31,7.0,0.016,32.21,161.0,19.1,545.56
apr,ankara,in-store,latte,dark,yes,101.56,15.0,0.076,47.29,206.0,13.4,1404.43
apr,ankara,online,filter,light,no,60.23,12.0,0.106,24.0,182.0,11.1,637.1
apr,izmir,in-store,cold brew,light,no,107.03,4.0,0.063,48.12,174.0,17.8,428.32
apr,bursa,in-store,americano,light,no,76.79,5.0,0.027,33.12,155.0,13.2,367.34
apr,bursa,in-store,cold brew,dark,no,112.16,6.0,0.048,47.82,177.0,12.9,641.29
apr,bursa,in-store,latte,medium,no,95.47,6.0,0.08,41.75,132.0,13.3,507.79
apr,istanbul,online,mocha,medium,no,102.19,6.0,0.109,44.96,179.0,11.1,530.7
apr,ankara,in-store,filter,medium,no,66.78,14.0,0.034,28.82,209.0,9.0,926.43
apr,istanbul,in-store,cold brew,medium,no,109.04,9.0,0.064,45.28,259.0,13.5,882.32
apr,istanbul,online,espresso,medium,yes,74.86,7.0,0.171,28.95,188.0,14.0,418.41
apr,izmir,in-store,espresso,medium,yes,81.01,15.0,0.086,35.44,196.0,13.8,1071.46
apr,eskisehir,in-store,cold brew,dark,no,110.91,8.0,0.015,51.38,126.0,8.2,898.25
apr,istanbul,in-store,latte,dark,no,96.94,13.0,0.079,41.58,310.0,15.4,1194.92
apr,istanbul,in-store,americano,medium,no,84.19,12.0,0.019,34.94,308.0,12.4,997.11
apr,istanbul,in-store,mocha,light,no,96.8,14.0,0.059,42.74,270.0,12.5,1237.36
apr,eskisehir,in-store,mocha,light,no,97.28,9.0,0.069,40.57,139.0,9.8,812.92
apr,eskisehir,in-store,cappuccino,medium,no,84.75,7.0,0.018,34.6,163.0,10.2,619.15
apr,antalya,online,americano,medium,no,80.84,2.0,0.06,36.85,141.0,19.9,175.1
apr,bursa,delivery,latte,medium,no,101.72,9.0,0.083,47.36,121.0,15.2,769.57
apr,bursa,online,latte,medium,no,92.4,3.0,0.036,37.28,106.0,17.2,254.07
may,eskisehir,in-store,americano,medium,no,69.54,12.0,0.014,28.63,181.0,15.6,838.52
may,bursa,in-store,cappuccino,medium,yes,89.04,4.0,0.095,41.07,124.0,19.4,325.27
may,antalya,delivery,cold brew,medium,no,124.16,5.0,0.058,54.54,156.0,25.4,638.16
may,istanbul,in-store,latte,medium,yes,103.6,18.0,0.096,44.81,296.0,21.1,1667.65
may,izmir,in-store,latte,medium,no,97.62,6.0,0.041,42.86,236.0,22.2,598.91
may,izmir,online,filter,light,no,70.59,18.0,0.062,28.73,176.0,20.8,1203.97
may,ankara,in-store,filter,dark,no,68.35,11.0,0.052,30.45,195.0,17.3,744.7
may,bursa,in-store,filter,medium,no,73.95,7.0,0.064,27.3,172.0,19.6,505.97
may,istanbul,in-store,mocha,light,no,100.89,8.0,0.019,43.95,258.0,13.0,836.52
may,bursa,in-store,cold brew,medium,yes,111.04,7.0,0.13,47.49,186.0,22.0,682.74
may,istanbul,online,americano,dark,yes,83.01,11.0,0.13,36.22,215.0,17.6,799.25
may,izmir,online,mocha,medium,yes,100.1,10.0,0.12,47.3,142.0,21.6,896.31
may,izmir,in-store,filter,light,yes,69.77,28.0,0.083,28.61,215.0,24.5,1784.08
may,antalya,delivery,cold brew,light,no,118.84,6.0,0.09,51.3,167.0,22.5,622.21
may,antalya,online,filter,medium,yes,66.28,17.0,0.168,27.37,190.0,24.0,910.72
may,istanbul,in-store,filter,light,no,71.78,25.0,0.022,29.21,326.0,20.3,1789.95
may,istanbul,in-store,mocha,dark,yes,99.21,15.0,0.106,46.44,278.0,18.0,1329.48
may,antalya,in-store,espresso,medium,yes,73.72,14.0,0.142,32.27,203.0,23.1,944.95
may,antalya,in-store,americano,medium,yes,84.81,16.0,0.087,37.14,192.0,26.5,1239.65
may,ankara,online,filter,light,no,70.57,6.0,0.054,28.49,159.0,15.8,447.37
may,istanbul,in-store,espresso,medium,yes,82.69,17.0,0.096,34.74,252.0,17.8,1275.79
may,istanbul,in-store,latte,light,no,100.61,13.0,0.018,45.06,300.0,17.9,1284.87
may,antalya,delivery,espresso,light,no,87.28,8.0,0.085,36.76,168.0,24.2,631.71
may,antalya,delivery,cold brew,dark,no,118.13,7.0,0.054,56.01,135.0,22.6,765.51
may,istanbul,in-store,mocha,medium,yes,102.97,17.0,0.099,43.16,313.0,18.8,1550.89
may,ankara,online,filter,light,yes,66.17,13.0,0.121,24.01,173.0,16.7,759.12
may,istanbul,in-store,latte,medium,no,101.42,10.0,0.025,48.25,324.0,16.5,1014.72
may,izmir,in-store,cold brew,light,no,108.74,7.0,0.02,46.79,222.0,22.2,732.85
may,antalya,in-store,americano,medium,no,82.13,18.0,0.028,33.63,242.0,22.7,1448.77
may,eskisehir,in-store,latte,medium,no,85.74,21.0,0.072,38.58,189.0,14.6,1700.57
may,antalya,online,espresso,medium,yes,73.89,4.0,0.129,31.02,107.0,23.2,265.96
may,istanbul,delivery,latte,medium,no,96.87,15.0,0.041,40.56,225.0,17.3,1374.81
may,ankara,delivery,mocha,medium,no,107.64,9.0,0.057,48.68,203.0,18.5,889.24
may,eskisehir,delivery,latte,medium,no,98.18,6.0,0.034,43.42,132.0,14.1,584.58
may,eskisehir,delivery,americano,dark,yes,88.08,6.0,0.121,34.2,84.0,18.8,455.5
may,ankara,online,americano,medium,no,72.63,2.0,0.095,29.92,134.0,19.8,91.17
may,istanbul,in-store,americano,medium,no,81.17,19.0,0.036,32.04,302.0,21.3,1535.49
may,izmir,in-store,espresso,medium,no,75.53,8.0,0.056,33.37,166.0,23.9,551.04
may,istanbul,in-store,filter,dark,no,69.6,23.0,0.043,29.54,314.0,22.0,1535.17
may,istanbul,in-store,filter,medium,no,72.21,27.0,0.027,26.74,294.0,20.3,1919.54
may,antalya,in-store,cappuccino,light,no,90.3,11.0,0.058,34.79,235.0,20.3,945.3
may,istanbul,in-store,latte,light,no,90.01,19.0,0.031,35.32,294.0,19.9,1647.59
may,ankara,in-store,filter,medium,no,75.47,17.0,0.051,33.08,243.0,19.2,1242.59
may,bursa,in-store,mocha,dark,no,97.12,11.0,0.021,46.79,185.0,18.3,1031.07
may,izmir,in-store,mocha,medium,no,97.09,13.0,0.029,42.22,194.0,25.1,1211.64
may,izmir,in-store,espresso,light,no,71.31,11.0,0.026,33.14,183.0,20.4,798.69
may,eskisehir,delivery,filter,medium,no,73.82,10.0,0.095,33.01,110.0,13.7,662.96
may,istanbul,in-store,filter,medium,no,72.99,15.0,0.005,32.73,234.0,20.1,1105.94
may,istanbul,in-store,latte,light,no,98.83,14.0,0.021,43.09,333.0,21.3,1370.34
may,istanbul,online,filter,medium,yes,70.25,15.0,0.178,27.81,202.0,20.1,862.11
may,ankara,in-store,cold brew,medium,no,113.92,7.0,0.018,50.77,185.0,15.6,802.63
may,bursa,delivery,espresso,dark,no,77.19,2.0,0.067,29.62,84.0,19.3,113.23
may,antalya,in-store,cold brew,medium,no,109.25,6.0,0.034,48.38,184.0,23.9,642.18
may,istanbul,in-store,espresso,light,no,71.56,13.0,0.05,33.35,286.0,18.8,882.78
may,eskisehir,in-store,mocha,dark,no,102.36,6.0,0.016,47.37,134.0,14.9,612.05
may,istanbul,in-store,espresso,light,no,78.25,15.0,0.01,33.07,277.0,20.8,1165.63
may,ankara,online,cappuccino,light,no,93.06,7.0,0.075,39.29,173.0,16.3,621.32
may,izmir,online,latte,medium,no,92.95,7.0,0.046,37.75,156.0,19.2,642.74
may,bursa,in-store,americano,dark,no,79.63,5.0,0.065,32.3,149.0,19.8,373.15
may,istanbul,in-store,cappuccino,dark,no,92.6,19.0,0.01,39.45,285.0,20.9,1752.05
may,bursa,in-store,filter,light,no,70.53,10.0,0.044,31.28,163.0,17.4,684.0
may,antalya,delivery,mocha,medium,no,100.59,7.0,0.076,45.53,168.0,22.8,652.13
may,eskisehir,in-store,latte,medium,no,100.75,11.0,0.028,42.99,136.0,18.1,1047.39
may,ankara,in-store,cold brew,medium,no,114.28,6.0,0.01,51.0,213.0,16.5,675.0
may,izmir,in-store,americano,medium,yes,86.31,11.0,0.091,37.27,172.0,20.4,854.7
may,istanbul,delivery,americano,medium,yes,90.27,9.0,0.129,39.08,242.0,19.2,725.5
may,bursa,in-store,mocha,light,no,93.02,8.0,0.027,41.92,156.0,19.8,755.54
jun,eskisehir,online,espresso,medium,no,77.18,7.0,0.048,32.68,142.0,23.3,534.39
jun,antalya,online,cold brew,medium,yes,109.83,9.0,0.118,45.02,130.0,28.9,854.52
jun,bursa,in-store,americano,light,no,73.45,18.0,0.061,31.55,216.0,21.8,1210.34
jun,istanbul,online,filter,dark,yes,71.16,21.0,0.108,28.97,236.0,25.6,1305.51
jun,antalya,in-store,latte,medium,no,99.7,15.0,0.041,42.11,225.0,27.4,1449.79
jun,eskisehir,in-store,mocha,dark,no,100.17,6.0,0.118,44.01,162.0,21.0,501.26
jun,ankara,online,latte,light,yes,89.8,8.0,0.114,38.25,156.0,20.3,597.37
jun,eskisehir,delivery,cappuccino,medium,yes,84.09,1.0,0.141,35.4,110.0,23.0,105.79
jun,izmir,online,espresso,medium,yes,73.76,12.0,0.137,27.22,190.0,24.7,729.99
jun,izmir,delivery,latte,dark,no,105.65,9.0,0.085,48.24,173.0,32.1,899.73
jun,ankara,in-store,filter,light,no,69.2,26.0,0.039,30.85,232.0,24.1,1741.21
jun,bursa,online,mocha,medium,no,100.04,1.0,0.065,47.16,113.0,22.1,100.49
jun,eskisehir,in-store,latte,medium,no,95.75,7.0,0.015,43.37,125.0,18.4,642.36
jun,istanbul,online,cappuccino,light,yes,95.26,10.0,0.158,39.89,203.0,25.4,790.38
jun,eskisehir,delivery,cold brew,dark,no,112.36,5.0,0.055,53.81,108.0,21.8,513.19
jun,ankara,online,filter,light,yes,60.35,12.0,0.125,22.0,126.0,22.2,636.17
jun,istanbul,online,espresso,medium,yes,73.2,15.0,0.187,31.77,301.0,23.7,905.84
jun,istanbul,online,cold brew,medium,yes,104.92,12.0,0.102,49.75,237.0,22.9,1127.07
jun,antalya,delivery,latte,dark,no,102.98,6.0,0.081,46.02,166.0,28.4,605.65
jun,istanbul,in-store,espresso,light,yes,75.21,15.0,0.157,34.41,302.0,23.6,939.88
jun,ankara,online,espresso,medium,no,73.7,11.0,0.038,26.9,187.0,20.8,792.96
jun,ankara,in-store,mocha,light,no,101.91,9.0,0.039,45.16,285.0,21.7,895.01
jun,bursa,in-store,cappuccino,light,no,82.53,13.0,0.018,36.87,173.0,25.0,1025.12
jun,eskisehir,in-store,cappuccino,medium,no,85.71,7.0,0.021,37.91,104.0,23.7,617.27
jun,ankara,online,americano,dark,no,75.61,6.0,0.057,27.47,177.0,18.9,437.91
jun,eskisehir,in-store,mocha,dark,no,97.09,9.0,0.055,47.19,166.0,21.4,833.11
jun,istanbul,in-store,cappuccino,medium,no,96.08,22.0,0.037,36.94,278.0,25.7,2027.22
jun,izmir,online,filter,medium,no,66.94,4.0,0.063,28.13,138.0,27.2,267.52
jun,izmir,in-store,americano,dark,no,73.87,8.0,0.011,29.06,196.0,26.0,564.42
jun,istanbul,delivery,cappuccino,light,no,97.86,10.0,0.04,40.01,221.0,25.1,955.86
jun,istanbul,in-store,cappuccino,medium,no,97.52,8.0,0.041,39.43,292.0,21.2,728.22
jun,eskisehir,online,mocha,light,no,92.87,5.0,0.061,39.61,87.0,23.2,443.58
jun,istanbul,in-store,cold brew,medium,yes,107.29,15.0,0.119,46.28,354.0,24.9,1410.74
jun,eskisehir,in-store,latte,light,no,88.87,9.0,0.04,35.76,136.0,21.6,757.25
jun,bursa,delivery,espresso,light,no,72.47,7.0,0.068,30.31,118.0,21.5,464.17
jun,bursa,in-store,filter,medium,no,67.47,8.0,0.005,29.97,170.0,24.2,524.67
jun,eskisehir,online,latte,dark,no,92.11,11.0,0.087,41.12,180.0,24.3,923.59
jun,izmir,delivery,americano,medium,yes,79.55,12.0,0.118,32.05,181.0,31.3,854.86
jun,antalya,online,latte,medium,no,94.99,3.0,0.143,43.88,158.0,29.9,288.38
jun,ankara,in-store,cappuccino,dark,yes,87.84,17.0,0.074,35.11,218.0,24.5,1394.1
jun,istanbul,online,mocha,medium,no,97.7,8.0,0.111,43.23,214.0,23.8,678.66
jun,bursa,delivery,americano,dark,no,82.12,5.0,0.091,34.0,107.0,25.2,393.3
jun,eskisehir,online,latte,medium,no,87.69,5.0,0.042,35.3,130.0,21.0,432.54
jun,antalya,in-store,espresso,light,yes,76.57,18.0,0.086,30.89,215.0,28.4,1254.18
jun,ankara,delivery,latte,light,no,93.48,6.0,0.062,44.1,172.0,25.4,531.15
jun,eskisehir,in-store,espresso,dark,no,75.6,11.0,0.049,31.7,176.0,21.7,785.09
jun,ankara,in-store,latte,medium,no,96.79,15.0,0.039,41.44,240.0,23.2,1337.7
jun,antalya,in-store,americano,medium,no,83.47,11.0,0.057,34.29,219.0,28.0,853.5
jun,antalya,in-store,filter,light,no,69.91,16.0,0.059,30.65,249.0,27.2,1056.9
jun,eskisehir,in-store,americano,medium,no,78.12,11.0,0.067,32.29,186.0,18.5,792.65
jun,eskisehir,delivery,mocha,medium,no,100.41,9.0,0.042,45.11,151.0,24.6,903.18
jun,izmir,in-store,latte,light,no,97.98,13.0,0.016,42.74,222.0,26.5,1231.27
jun,ankara,delivery,espresso,dark,no,74.85,6.0,0.078,32.33,158.0,21.9,409.9
jun,antalya,in-store,mocha,medium,yes,102.14,12.0,0.084,43.88,246.0,28.8,1114.56
jun,eskisehir,in-store,cappuccino,medium,no,83.99,11.0,0.021,36.46,136.0,20.4,960.64
jun,eskisehir,delivery,filter,light,no,73.77,9.0,0.045,32.51,145.0,21.7,665.1
jun,istanbul,in-store,filter,medium,no,67.75,14.0,0.028,25.58,262.0,23.4,895.93
jun,istanbul,in-store,espresso,dark,no,83.04,15.0,0.064,37.77,311.0,22.9,1160.42
jun,istanbul,in-store,latte,dark,no,99.5,19.0,0.029,44.19,326.0,23.1,1825.78
jun,antalya,online,latte,light,yes,88.74,10.0,0.121,41.31,182.0,29.9,752.28
jun,eskisehir,delivery,mocha,medium,no,102.7,4.0,0.076,49.52,114.0,18.4,382.74
jun,izmir,in-store,mocha,medium,no,104.71,11.0,0.053,47.37,215.0,25.5,1114.88
jun,antalya,in-store,americano,medium,yes,81.34,15.0,0.078,35.97,223.0,27.7,1126.8
jun,eskisehir,in-store,americano,light,no,74.76,12.0,0.033,29.58,141.0,19.7,852.54
jun,antalya,in-store,espresso,medium,yes,76.14,15.0,0.081,31.86,209.0,24.8,1053.77
jun,eskisehir,delivery,cold brew,medium,no,109.7,5.0,0.037,49.41,124.0,22.5,533.79
jun,istanbul,in-store,cappuccino,dark,no,102.73,18.0,0.096,42.57,303.0,23.3,1678.72
jun,antalya,delivery,latte,medium,yes,100.22,9.0,0.166,48.06,150.0,32.4,757.47
jun,antalya,in-store,filter,dark,no,77.42,13.0,0.024,31.57,243.0,29.9,954.89
jun,istanbul,online,cappuccino,medium,no,91.59,16.0,0.075,36.69,269.0,21.8,1349.47
jun,antalya,in-store,cappuccino,medium,yes,91.27,14.0,0.105,36.58,259.0,32.2,1109.48
jun,eskisehir,in-store,espresso,light,no,64.62,7.0,0.019,26.37,138.0,23.4,425.69
jun,istanbul,online,americano,light,no,77.5,10.0,0.05,32.46,203.0,23.7,716.87
jun,istanbul,in-store,americano,medium,no,88.25,15.0,0.054,39.57,307.0,27.9,1284.61
jun,istanbul,in-store,latte,medium,yes,98.14,22.0,0.104,40.31,295.0,27.2,1941.75
jun,istanbul,in-store,latte,dark,no,105.08,13.0,0.088,51.03,293.0,23.2,1273.07
jun,bursa,in-store,americano,light,no,78.52,6.0,0.039,30.39,144.0,25.1,440.3
jun,izmir,in-store,cold brew,light,no,102.23,8.0,0.008,45.92,158.0,24.3,829.37
jun,bursa,in-store,cappuccino,medium,no,83.9,6.0,0.02,36.09,170.0,18.1,481.85
jun,izmir,in-store,espresso,medium,no,74.09,5.0,0.011,29.37,190.0,24.2,340.95
jun,antalya,in-store,americano,light,no,79.14,15.0,0.043,32.35,229.0,27.8,1182.96
jun,istanbul,in-store,americano,medium,no,81.77,21.0,0.066,33.81,308.0,19.4,1609.9
jun,bursa,in-store,cappuccino,light,no,88.85,8.0,0.007,42.47,191.0,21.7,704.32
jun,antalya,online,cappuccino,dark,no,92.3,12.0,0.067,45.34,227.0,31.9,1052.57
jun,bursa,in-store,mocha,medium,no,100.3,4.0,0.027,45.16,156.0,22.5,383.27
jun,eskisehir,in-store,cold brew,medium,no,101.36,15.0,0.006,41.86,179.0,20.8,1491.97
jun,ankara,delivery,latte,medium,yes,93.49,16.0,0.123,41.49,183.0,23.6,1342.87
jun,izmir,in-store,latte,light,no,92.92,15.0,0.008,40.85,196.0,26.5,1378.89
jun,istanbul,in-store,cappuccino,medium,no,96.0,13.0,0.041,38.74,246.0,24.4,1208.16
jun,antalya,delivery,cappuccino,medium,no,101.89,6.0,0.134,40.24,219.0,32.5,506.68
jun,bursa,in-store,cappuccino,medium,no,92.46,7.0,0.043,34.89,161.0,25.7,634.26
jun,istanbul,in-store,mocha,medium,no,100.89,18.0,0.03,48.55,355.0,25.0,1760.44
jun,eskisehir,in-store,cappuccino,medium,no,92.43,8.0,0.072,36.36,162.0,21.9,643.81
jun,istanbul,online,americano,medium,no,79.51,15.0,0.059,31.3,279.0,23.6,1155.68
jun,ankara,online,cappuccino,medium,no,83.21,9.0,0.067,34.97,201.0,19.3,711.65
jun,bursa,in-store,espresso,medium,no,66.23,17.0,0.006,27.21,192.0,21.9,1124.37
jun,istanbul,in-store,latte,light,yes,94.2,12.0,0.088,40.03,294.0,22.6,1010.83
jun,istanbul,in-store,filter,light,no,70.65,18.0,0.057,30.05,350.0,26.7,1201.8
jun,antalya,in-store,latte,medium,yes,97.19,23.0,0.107,37.32,252.0,26.0,1989.0
jun,ankara,delivery,americano,medium,no,83.86,4.0,0.119,38.59,162.0,24.1,265.95
jun,istanbul,online,latte,dark,no,98.68,8.0,0.058,44.89,199.0,22.5,778.23
jun,istanbul,in-store,latte,dark,no,97.39,24.0,0.005,42.89,321.0,22.9,2283.82
jun,ankara,online,latte,medium,yes,91.1,12.0,0.109,37.03,192.0,24.9,981.61
jun,istanbul,delivery,americano,light,no,86.4,13.0,0.061,37.68,209.0,23.2,1065.0
jun,istanbul,in-store,americano,medium,no,76.88,17.0,0.059,33.22,317.0,24.6,1186.7
jun,antalya,in-store,cappuccino,medium,no,95.61,11.0,0.033,41.08,202.0,30.4,977.05
jul,eskisehir,in-store,cappuccino,dark,no,89.24,8.0,0.044,39.43,198.0,25.3,675.98
jul,izmir,delivery,latte,medium,no,96.84,4.0,0.04,45.67,156.0,32.1,347.27
jul,antalya,delivery,cappuccino,light,no,93.92,8.0,0.052,37.07,142.0,30.9,685.87
jul,istanbul,in-store,cappuccino,dark,no,99.52,17.0,0.014,46.03,335.0,24.4,1688.78
jul,ankara,online,latte,medium,no,96.05,7.0,0.05,41.2,189.0,25.2,627.11
jul,eskisehir,in-store,cappuccino,dark,no,89.15,17.0,0.026,37.23,178.0,25.8,1480.67
jul,bursa,in-store,cold brew,dark,no,111.46,5.0,0.061,48.09,189.0,24.4,583.35
jul,antalya,in-store,latte,light,yes,96.03,21.0,0.166,45.77,251.0,30.0,1717.83
jul,istanbul,delivery,espresso,light,no,83.07,15.0,0.048,31.19,256.0,25.0,1151.96
jul,istanbul,in-store,filter,light,no,68.31,24.0,0.028,26.37,311.0,26.5,1603.65
jul,izmir,online,filter,medium,no,72.77,10.0,0.084,31.85,178.0,29.6,623.33
jul,istanbul,online,latte,medium,no,105.12,8.0,0.068,47.2,282.0,26.2,767.09
jul,antalya,online,filter,medium,yes,69.44,6.0,0.128,29.95,159.0,30.6,362.49
jul,izmir,in-store,americano,medium,no,75.67,11.0,0.054,30.63,207.0,32.0,784.47
jul,antalya,in-store,espresso,medium,no,79.99,17.0,0.059,33.11,252.0,33.0,1274.41
jul,ankara,in-store,americano,dark,no,84.3,18.0,0.015,36.2,198.0,22.5,1466.02
jul,istanbul,online,espresso,medium,no,75.92,7.0,0.052,32.68,245.0,30.0,486.29
jul,eskisehir,delivery,americano,light,no,82.18,7.0,0.037,36.67,160.0,23.6,606.52
jul,istanbul,in-store,americano,light,no,85.11,23.0,0.053,37.02,344.0,23.4,1850.53
jul,istanbul,in-store,cappuccino,light,no,100.08,24.0,0.023,40.39,329.0,26.9,2390.75
jul,eskisehir,online,mocha,dark,no,89.78,7.0,0.083,41.21,137.0,26.6,567.93
jul,ankara,in-store,filter,dark,no,78.21,13.0,0.026,36.1,215.0,24.4,1005.84
jul,antalya,in-store,americano,medium,no,75.83,13.0,0.031,34.07,214.0,30.7,955.79
jul,istanbul,in-store,cappuccino,medium,yes,94.63,26.0,0.12,41.3,343.0,27.7,2123.45
jul,ankara,online,espresso,medium,no,71.47,11.0,0.057,30.48,197.0,27.2,772.47
jul,istanbul,in-store,filter,medium,no,78.59,21.0,0.046,31.73,347.0,27.2,1603.46
jul,antalya,online,cappuccino,medium,no,89.22,9.0,0.047,34.95,190.0,29.4,745.01
jul,istanbul,in-store,espresso,medium,no,78.93,15.0,0.063,32.36,330.0,25.4,1118.66
jul,ankara,in-store,americano,light,no,82.08,11.0,0.049,31.41,253.0,24.6,841.66
jul,bursa,delivery,latte,medium,no,103.2,13.0,0.09,44.33,100.0,29.1,1218.64
jul,antalya,delivery,latte,medium,no,101.06,7.0,0.037,43.35,216.0,33.7,694.34
jul,eskisehir,in-store,mocha,light,no,92.84,5.0,0.004,40.08,128.0,28.1,455.11
jul,izmir,online,espresso,light,yes,72.03,12.0,0.118,32.35,171.0,27.2,785.97
jul,ankara,in-store,cappuccino,medium,no,93.94,14.0,0.065,37.5,216.0,24.7,1203.85
jul,istanbul,in-store,filter,medium,no,81.95,15.0,0.042,32.36,324.0,26.6,1177.34
jul,antalya,in-store,americano,medium,yes,76.82,8.0,0.152,32.89,181.0,29.5,505.34
jul,antalya,in-store,latte,light,no,91.27,15.0,0.008,38.1,214.0,29.3,1403.31
jul,istanbul,delivery,filter,medium,no,75.18,12.0,0.055,33.05,229.0,27.8,849.06
jul,eskisehir,in-store,espresso,medium,no,70.58,5.0,0.029,27.45,128.0,24.6,340.09
jul,istanbul,in-store,cold brew,medium,no,118.67,12.0,0.036,52.23,330.0,27.8,1354.64
jul,ankara,in-store,cold brew,medium,no,103.46,7.0,0.141,46.96,225.0,24.0,606.22
jul,istanbul,in-store,filter,dark,no,75.92,27.0,0.041,29.54,290.0,26.1,1975.56
jul,ankara,online,espresso,medium,no,71.85,13.0,0.068,32.19,165.0,26.2,890.2
jul,ankara,online,latte,light,no,90.38,9.0,0.062,40.89,150.0,21.5,737.12
jul,istanbul,in-store,espresso,light,no,73.25,26.0,0.013,32.25,338.0,27.4,1877.76
jul,istanbul,in-store,cappuccino,medium,no,86.19,24.0,0.049,37.97,355.0,25.2,1962.26
jul,istanbul,delivery,filter,dark,yes,82.41,11.0,0.159,29.27,229.0,26.2,763.87
jul,istanbul,online,espresso,dark,yes,74.04,15.0,0.128,32.96,219.0,29.3,925.87
jul,izmir,in-store,cappuccino,medium,no,85.72,8.0,0.055,39.28,240.0,30.3,623.21
jul,istanbul,online,americano,medium,no,78.94,7.0,0.038,35.3,217.0,26.7,544.38
jul,ankara,in-store,latte,medium,no,92.2,12.0,0.046,40.18,226.0,24.1,1069.79
jul,ankara,in-store,espresso,dark,no,76.82,14.0,0.033,35.4,255.0,26.2,1034.63
jul,ankara,in-store,latte,light,no,98.93,12.0,0.016,43.02,239.0,24.2,1177.85
jul,antalya,in-store,latte,medium,no,96.48,13.0,0.046,45.08,265.0,31.9,1193.66
jul,izmir,online,espresso,medium,no,69.31,14.0,0.056,25.74,194.0,27.8,866.6
jul,ankara,in-store,espresso,medium,no,73.85,15.0,0.054,29.61,214.0,23.5,1093.16
jul,antalya,in-store,espresso,medium,no,78.55,18.0,0.009,31.11,238.0,32.4,1385.56
jul,izmir,in-store,cappuccino,light,no,83.12,10.0,0.009,34.5,196.0,25.9,834.09
jul,bursa,in-store,filter,light,yes,63.39,9.0,0.098,25.76,187.0,24.5,541.87
jul,istanbul,online,americano,medium,no,86.99,7.0,0.084,38.23,229.0,29.7,573.17
jul,istanbul,online,latte,light,no,92.53,13.0,0.077,41.02,286.0,27.7,1109.76
jul,istanbul,in-store,latte,medium,no,98.39,18.0,0.025,43.29,303.0,28.1,1774.71
jul,istanbul,online,cold brew,medium,no,106.72,11.0,0.109,45.57,230.0,28.5,1043.94
jul,istanbul,online,mocha,medium,yes,103.25,7.0,0.133,42.35,242.0,26.4,638.71
jul,antalya,in-store,espresso,dark,yes,81.05,15.0,0.1,32.93,184.0,30.2,1072.44
jul,istanbul,online,cappuccino,light,yes,84.98,15.0,0.194,33.78,258.0,25.6,1017.71
jul,eskisehir,in-store,mocha,dark,no,97.87,7.0,0.014,45.56,166.0,27.4,682.94
jul,eskisehir,in-store,mocha,medium,no,94.99,8.0,0.025,38.79,143.0,22.7,774.64
jul,antalya,in-store,espresso,medium,yes,78.2,8.0,0.11,32.8,208.0,34.2,539.09
jul,eskisehir,in-store,latte,light,no,90.74,7.0,0.044,42.07,169.0,23.3,554.07
jul,istanbul,in-store,latte,medium,no,95.74,25.0,0.036,43.69,335.0,25.7,2301.61
jul,antalya,in-store,espresso,light,no,71.2,13.0,0.014,26.61,259.0,32.0,916.09
jul,istanbul,in-store,espresso,light,no,73.25,26.0,0.013,32.25,338.0,27.4,1877.76
jul,eskisehir,in-store,americano,medium,no,77.82,7.0,0.065,32.1,163.0,25.1,505.56
jul,antalya,online,cold brew,medium,yes,113.02,7.0,0.133,44.94,149.0,28.9,655.89
jul,ankara,online,latte,medium,no,91.48,9.0,0.084,44.3,176.0,22.3,763.86
jul,ankara,online,cappuccino,light,no,80.36,10.0,0.064,33.69,194.0,23.1,771.04
jul,antalya,delivery,mocha,medium,no,96.13,5.0,0.054,40.56,168.0,30.6,429.42
jul,antalya,in-store,cappuccino,medium,yes,89.07,18.0,0.178,34.87,261.0,28.1,1310.2
jul,istanbul,online,latte,medium,yes,85.16,22.0,0.114,37.47,244.0,23.4,1608.7
jul,eskisehir,in-store,espresso,medium,no,71.62,4.0,0.024,31.37,129.0,23.4,244.88
jul,antalya,in-store,cold brew,medium,no,115.84,11.0,0.06,53.14,262.0,32.8,1186.81
jul,antalya,in-store,latte,light,yes,98.42,22.0,0.118,38.85,263.0,31.4,1906.81
jul,istanbul,in-store,mocha,medium,no,105.49,22.0,0.078,45.68,384.0,30.4,2137.65
jul,eskisehir,in-store,mocha,dark,no,101.91,6.0,0.041,43.64,163.0,28.2,587.66
jul,izmir,in-store,mocha,medium,no,97.63,10.0,0.033,41.32,246.0,31.4,947.88
jul,eskisehir,in-store,cold brew,medium,no,104.66,4.0,0.032,44.78,146.0,26.3,375.02
jul,bursa,delivery,mocha,light,yes,106.01,8.0,0.153,47.45,131.0,27.3,734.65
jul,ankara,online,cappuccino,light,no,82.69,4.0,0.05,34.56,115.0,25.9,252.27
jul,ankara,in-store,mocha,dark,no,100.53,19.0,0.017,44.82,264.0,25.0,1889.88
jul,istanbul,in-store,americano,medium,no,83.89,14.0,0.017,37.31,312.0,26.5,1183.48
jul,istanbul,in-store,cappuccino,medium,no,96.26,17.0,0.003,40.61,317.0,27.4,1677.79
jul,antalya,delivery,americano,dark,no,84.71,9.0,0.045,33.73,214.0,32.5,705.33
jul,istanbul,online,espresso,medium,no,75.26,12.0,0.07,28.76,274.0,26.7,845.0
jul,ankara,in-store,filter,medium,no,72.53,19.0,0.093,29.33,287.0,28.8,1244.98
jul,izmir,in-store,cappuccino,dark,yes,92.46,16.0,0.106,37.24,211.0,29.5,1340.52
jul,istanbul,in-store,filter,medium,no,72.76,25.0,0.027,30.2,332.0,25.2,1749.25
aug,izmir,in-store,espresso,medium,yes,70.01,13.0,0.078,33.17,191.0,24.2,844.14
aug,ankara,delivery,americano,dark,no,86.85,10.0,0.088,36.49,183.0,23.7,783.96
aug,istanbul,online,americano,medium,no,80.28,12.0,0.058,33.98,230.0,28.8,909.55
aug,istanbul,in-store,espresso,light,no,79.38,19.0,0.063,34.26,292.0,30.5,1404.66
aug,istanbul,in-store,filter,dark,no,71.9,26.0,0.052,33.83,362.0,25.4,1781.71
aug,antalya,online,latte,medium,no,92.75,8.0,0.057,42.93,168.0,28.2,696.31
aug,istanbul,delivery,espresso,light,no,78.35,14.0,0.051,30.76,249.0,26.7,1071.67
aug,bursa,in-store,mocha,medium,no,107.9,6.0,0.018,49.94,158.0,25.6,616.15
aug,eskisehir,delivery,espresso,medium,yes,76.17,10.0,0.166,30.1,91.0,25.8,659.42
aug,bursa,in-store,mocha,dark,yes,97.42,17.0,0.114,44.78,202.0,26.4,1442.79
aug,izmir,in-store,americano,medium,no,81.99,9.0,0.049,33.61,201.0,29.7,695.18
aug,istanbul,online,espresso,dark,no,83.32,15.0,0.068,40.54,251.0,24.7,1172.28
aug,antalya,in-store,americano,light,no,80.88,14.0,0.05,36.99,245.0,30.4,1098.39
aug,istanbul,delivery,cappuccino,light,no,93.93,10.0,0.049,39.86,253.0,27.1,878.34
aug,bursa,delivery,americano,dark,no,85.93,6.0,0.102,37.12,164.0,31.5,424.88
aug,istanbul,in-store,mocha,light,no,102.69,20.0,0.063,45.98,373.0,29.4,1868.43
aug,istanbul,in-store,filter,medium,no,72.29,26.0,0.033,30.82,322.0,26.3,1808.91
aug,antalya,online,mocha,medium,yes,104.94,9.0,0.116,49.1,163.0,32.0,839.51
aug,istanbul,online,filter,light,no,67.39,17.0,0.058,28.3,246.0,29.0,1038.27
aug,eskisehir,online,mocha,medium,yes,99.26,7.0,0.129,46.91,121.0,22.6,624.21
aug,ankara,in-store,espresso,dark,no,73.35,18.0,0.011,33.43,276.0,25.5,1309.9
aug,istanbul,in-store,filter,medium,no,71.43,24.0,0.034,31.67,346.0,28.1,1636.29
aug,izmir,delivery,mocha,dark,yes,108.02,18.0,0.115,50.03,198.0,29.3,1696.4
aug,istanbul,in-store,mocha,dark,no,98.54,18.0,0.012,43.24,306.0,23.4,1716.04
aug,eskisehir,in-store,americano,light,no,78.84,3.0,0.056,30.8,146.0,25.2,225.11
aug,bursa,in-store,espresso,light,no,65.04,13.0,0.055,26.92,213.0,29.2,771.73
aug,antalya,in-store,filter,medium,no,74.98,13.0,0.003,27.91,191.0,29.9,971.27
aug,ankara,in-store,filter,dark,no,71.81,15.0,0.048,29.13,241.0,24.6,1043.5
aug,antalya,in-store,cappuccino,medium,no,91.61,10.0,0.065,36.54,215.0,34.9,883.93
aug,istanbul,in-store,cappuccino,medium,no,93.98,17.0,0.047,42.51,319.0,26.8,1522.91
aug,izmir,in-store,mocha,light,yes,94.45,15.0,0.099,40.43,202.0,31.0,1274.02
aug,eskisehir,in-store,espresso,medium,no,70.0,14.0,0.057,26.01,174.0,23.6,898.46
aug,istanbul,delivery,cappuccino,medium,no,99.39,8.0,0.049,37.26,242.0,27.6,682.47
aug,ankara,online,filter,medium,yes,67.18,15.0,0.144,27.66,223.0,23.8,828.42
aug,antalya,in-store,latte,dark,yes,95.24,12.0,0.107,39.33,263.0,32.3,1020.21
aug,istanbul,delivery,americano,dark,no,88.38,11.0,0.061,37.82,251.0,26.1,860.7
aug,istanbul,online,cold brew,medium,yes,109.81,6.0,0.153,47.95,212.0,27.4,532.23
aug,antalya,in-store,latte,medium,yes,95.66,17.0,0.093,44.38,236.0,32.7,1487.97
aug,istanbul,in-store,filter,light,no,71.98,25.0,0.024,30.95,295.0,26.3,1723.17
aug,antalya,online,latte,medium,no,96.74,13.0,0.053,43.61,204.0,30.2,1192.27
aug,bursa,delivery,filter,dark,no,64.24,4.0,0.05,26.72,109.0,27.4,261.16
aug,ankara,online,espresso,dark,no,79.35,11.0,0.044,35.0,201.0,25.8,855.03
aug,istanbul,online,mocha,light,yes,105.01,9.0,0.14,52.0,223.0,27.9,817.49
aug,istanbul,in-store,espresso,medium,no,81.46,16.0,0.019,31.49,355.0,25.9,1287.15
aug,izmir,online,americano,medium,yes,85.53,7.0,0.106,31.89,152.0,28.7,548.08
aug,antalya,online,cappuccino,medium,no,83.89,7.0,0.126,32.59,169.0,30.7,521.21
aug,istanbul,in-store,filter,medium,no,71.37,15.0,0.026,32.83,323.0,29.4,1030.1
aug,izmir,in-store,americano,medium,no,80.71,8.0,0.043,33.4,187.0,26.9,627.15
aug,antalya,in-store,cappuccino,medium,no,93.88,16.0,0.024,37.09,212.0,31.4,1447.45
aug,ankara,online,filter,medium,yes,69.11,15.0,0.128,28.22,181.0,22.2,921.23
aug,izmir,online,cappuccino,medium,no,88.22,5.0,0.07,31.75,166.0,30.5,385.29
aug,antalya,online,filter,medium,no,77.35,17.0,0.048,32.99,212.0,28.3,1236.22
aug,eskisehir,delivery,cappuccino,light,no,87.07,5.0,0.111,33.3,114.0,27.1,358.22
aug,antalya,delivery,filter,dark,no,80.5,15.0,0.086,31.28,199.0,31.3,1112.76
aug,izmir,in-store,cappuccino,medium,yes,89.52,12.0,0.109,39.28,164.0,32.8,959.57
aug,istanbul,in-store,cold brew,medium,no,107.35,16.0,0.011,46.66,346.0,27.8,1688.33
aug,istanbul,in-store,espresso,light,yes,78.46,16.0,0.088,31.41,288.0,29.3,1152.36
aug,ankara,delivery,latte,medium,yes,99.26,17.0,0.104,47.33,182.0,27.1,1481.12
aug,ankara,online,americano,medium,yes,71.41,13.0,0.137,29.97,214.0,24.6,770.74
aug,bursa,in-store,espresso,medium,no,69.42,7.0,0.076,26.72,192.0,26.7,426.38
aug,antalya,in-store,cold brew,light,no,111.47,7.0,0.049,47.35,211.0,28.6,754.77
aug,istanbul,in-store,americano,medium,no,81.69,16.0,0.012,35.19,306.0,24.4,1278.03
aug,bursa,in-store,espresso,dark,no,69.26,6.0,0.079,29.53,149.0,25.8,377.65
aug,ankara,in-store,cappuccino,dark,no,95.65,17.0,0.014,39.2,236.0,24.0,1596.79
aug,bursa,in-store,cappuccino,light,yes,85.47,14.0,0.08,37.1,186.0,26.0,1091.51
aug,antalya,in-store,mocha,medium,no,104.25,6.0,0.089,43.52,217.0,30.9,572.77
aug,izmir,in-store,espresso,dark,no,83.75,5.0,0.038,36.62,186.0,27.6,394.73
aug,bursa,in-store,cold brew,dark,no,114.23,5.0,0.057,52.54,168.0,24.2,560.18
aug,ankara,delivery,espresso,medium,yes,79.32,16.0,0.177,28.65,214.0,24.4,1030.27
aug,izmir,in-store,filter,medium,yes,70.33,21.0,0.106,31.45,217.0,32.6,1327.61
aug,istanbul,in-store,cappuccino,medium,no,94.25,25.0,0.02,40.6,365.0,25.7,2330.33
aug,eskisehir,online,espresso,dark,no,56.88,5.0,0.048,24.43,126.0,23.0,345.28
aug,ankara,online,americano,light,no,75.23,8.0,0.048,31.05,203.0,24.4,572.59
aug,izmir,in-store,filter,dark,no,68.19,15.0,0.009,30.05,190.0,26.0,1013.72
aug,ankara,delivery,filter,medium,yes,77.14,12.0,0.138,32.31,178.0,24.7,812.29
aug,istanbul,online,cold brew,light,no,105.34,9.0,0.038,49.49,207.0,26.2,936.49
aug,izmir,online,filter,medium,no,60.03,5.0,0.047,26.36,157.0,29.3,313.68
aug,antalya,online,latte,light,no,90.14,5.0,0.04,40.06,150.0,31.9,408.71
aug,ankara,online,filter,medium,no,66.55,13.0,0.059,31.72,179.0,27.2,826.59
aug,bursa,in-store,americano,medium,yes,76.83,10.0,0.085,34.05,140.0,25.9,701.48
aug,izmir,in-store,filter,light,no,68.24,17.0,0.017,25.72,214.0,31.2,1131.25
aug,antalya,online,mocha,dark,no,99.6,10.0,0.046,44.25,181.0,31.5,939.16
aug,istanbul,in-store,latte,medium,no,98.6,10.0,0.056,44.55,246.0,25.5,977.62
aug,istanbul,in-store,latte,dark,no,92.91,10.0,0.024,45.16,335.0,25.0,940.14
aug,ankara,in-store,latte,medium,yes,97.69,12.0,0.074,39.24,178.0,22.2,1105.66
aug,antalya,delivery,latte,medium,yes,103.85,10.0,0.117,45.43,163.0,29.4,957.35
aug,bursa,delivery,filter,light,no,69.56,4.0,0.046,29.36,102.0,27.8,254.1
aug,bursa,in-store,cappuccino,medium,no,95.11,7.0,0.018,41.1,114.0,23.6,624.12
aug,ankara,online,latte,medium,yes,88.15,13.0,0.128,37.84,213.0,25.4,1012.04
aug,ankara,in-store,latte,medium,no,96.8,13.0,0.065,39.41,240.0,21.6,1198.21
aug,bursa,in-store,espresso,light,no,70.53,12.0,0.025,30.82,180.0,22.8,859.01
sep,istanbul,online,espresso,medium,yes,75.78,22.0,0.131,31.63,205.0,21.4,1449.13
sep,antalya,online,cold brew,dark,no,113.98,9.0,0.053,52.75,146.0,25.9,998.07
sep,antalya,in-store,latte,light,no,97.84,5.0,0.082,44.61,172.0,25.3,476.48
sep,izmir,in-store,cappuccino,medium,no,86.66,13.0,0.017,35.02,234.0,20.8,1100.65
sep,ankara,in-store,cappuccino,light,no,91.48,9.0,0.084,39.5,175.0,19.2,767.43
sep,ankara,in-store,americano,medium,no,83.13,12.0,0.09,31.82,189.0,19.6,868.52
sep,izmir,delivery,filter,light,no,80.02,9.0,0.044,35.61,166.0,24.4,718.56
sep,eskisehir,delivery,latte,dark,yes,99.97,4.0,0.119,46.41,61.0,20.4,343.23
sep,ankara,in-store,cappuccino,medium,no,88.95,7.0,0.035,39.08,258.0,20.7,585.54
sep,istanbul,in-store,americano,medium,no,78.54,10.0,0.011,32.31,255.0,25.8,793.71
sep,izmir,in-store,americano,dark,no,83.79,10.0,0.017,36.14,195.0,23.7,808.26
sep,izmir,delivery,cappuccino,medium,no,94.74,9.0,0.064,37.23,154.0,27.7,774.31
sep,antalya,in-store,filter,light,no,67.9,10.0,0.061,26.1,204.0,27.8,625.25
sep,ankara,delivery,filter,light,yes,79.33,11.0,0.125,32.49,169.0,21.3,755.14
sep,eskisehir,in-store,cold brew,medium,no,108.81,12.0,0.042,49.72,176.0,20.2,1218.5
sep,istanbul,online,americano,medium,no,82.17,7.0,0.047,35.78,195.0,20.3,525.24
sep,izmir,online,mocha,medium,no,94.25,7.0,0.057,45.0,187.0,25.1,642.95
sep,eskisehir,in-store,latte,medium,yes,89.98,11.0,0.101,38.91,147.0,23.0,933.27
sep,izmir,in-store,mocha,dark,no,100.23,10.0,0.057,47.62,185.0,20.3,997.86
sep,istanbul,in-store,mocha,medium,no,100.26,10.0,0.019,46.26,304.0,22.3,970.21
sep,bursa,online,cappuccino,medium,no,94.03,6.0,0.098,41.41,93.0,22.0,492.79
sep,istanbul,in-store,americano,light,no,81.62,25.0,0.006,38.54,281.0,25.8,1965.03
sep,bursa,in-store,americano,medium,no,67.0,7.0,0.011,27.74,174.0,23.7,469.32
sep,istanbul,in-store,americano,light,yes,77.9,25.0,0.149,33.11,359.0,21.5,1635.36
sep,izmir,in-store,filter,dark,yes,70.83,22.0,0.093,31.17,243.0,26.1,1438.04
sep,izmir,in-store,filter,medium,no,63.72,11.0,0.057,25.65,194.0,25.1,646.88
sep,izmir,online,espresso,medium,no,70.85,8.0,0.031,32.78,156.0,27.1,562.59
sep,ankara,in-store,mocha,light,no,100.71,6.0,0.038,47.56,202.0,23.3,599.85
sep,bursa,in-store,cappuccino,medium,no,80.7,9.0,0.03,33.56,167.0,23.1,699.84
sep,antalya,in-store,filter,light,no,73.44,15.0,0.05,36.3,206.0,24.8,1049.19
sep,antalya,in-store,mocha,medium,no,100.09,15.0,0.091,41.57,211.0,26.0,1356.72
sep,ankara,online,cappuccino,dark,no,88.04,8.0,0.057,40.01,106.0,19.9,666.41
sep,izmir,in-store,mocha,medium,yes,109.11,22.0,0.106,47.02,194.0,23.5,2146.48
sep,ankara,delivery,filter,dark,yes,73.79,7.0,0.117,31.41,176.0,22.3,458.67
sep,antalya,in-store,mocha,medium,no,100.23,5.0,0.024,45.72,208.0,29.2,516.46
sep,antalya,online,latte,light,no,92.35,6.0,0.058,42.03,175.0,26.6,485.54
sep,antalya,delivery,espresso,light,no,73.47,7.0,0.096,27.45,186.0,30.5,407.95
sep,ankara,delivery,cappuccino,medium,yes,96.35,11.0,0.148,41.89,145.0,19.4,937.64
sep,eskisehir,online,americano,dark,yes,71.61,5.0,0.136,32.66,107.0,18.5,318.96
sep,eskisehir,in-store,filter,medium,no,67.8,6.0,0.06,29.21,144.0,23.5,411.97
sep,antalya,in-store,espresso,medium,no,69.13,11.0,0.036,28.09,193.0,24.7,761.31
sep,istanbul,in-store,latte,light,no,96.85,20.0,0.066,44.82,283.0,25.5,1820.13
sep,ankara,online,cappuccino,medium,no,89.07,9.0,0.055,39.96,215.0,22.7,807.54
sep,bursa,in-store,mocha,medium,yes,100.42,9.0,0.127,45.46,194.0,22.7,801.55
sep,istanbul,in-store,latte,medium,no,100.64,21.0,0.05,45.05,308.0,21.7,2019.46
sep,ankara,in-store,filter,light,no,65.69,19.0,0.009,27.07,276.0,18.7,1248.87
sep,eskisehir,online,filter,light,no,61.73,6.0,0.065,25.26,103.0,19.9,354.24
sep,istanbul,in-store,latte,medium,yes,98.9,13.0,0.099,41.79,305.0,24.1,1198.68
sep,antalya,in-store,espresso,medium,yes,77.69,13.0,0.092,36.6,191.0,26.7,930.39
sep,ankara,in-store,cold brew,medium,no,107.45,15.0,0.051,48.18,194.0,21.8,1548.07
sep,istanbul,in-store,espresso,medium,no,80.31,17.0,0.004,35.44,287.0,21.4,1348.43
sep,istanbul,in-store,mocha,light,no,97.99,10.0,0.016,42.09,258.0,20.9,951.31
sep,istanbul,delivery,espresso,dark,no,78.28,11.0,0.07,30.85,179.0,18.7,840.45
sep,istanbul,online,espresso,medium,no,75.82,12.0,0.065,32.1,243.0,24.3,874.63
sep,antalya,delivery,americano,dark,no,98.01,5.0,0.051,42.48,123.0,26.8,484.35
sep,istanbul,online,espresso,medium,no,76.01,6.0,0.064,31.74,223.0,22.7,450.36
sep,antalya,online,cappuccino,light,no,86.93,3.0,0.051,40.21,114.0,27.4,242.84
sep,ankara,online,filter,dark,no,68.71,10.0,0.054,29.76,203.0,19.9,697.08
sep,istanbul,in-store,mocha,medium,no,97.96,14.0,0.047,44.07,322.0,22.7,1287.13
sep,bursa,in-store,filter,medium,no,68.46,16.0,0.022,23.69,143.0,23.7,1033.11
sep,istanbul,in-store,mocha,medium,no,101.35,11.0,0.009,44.76,277.0,23.0,1087.13
sep,eskisehir,online,cappuccino,light,no,83.61,5.0,0.045,39.23,107.0,22.4,367.03
sep,ankara,in-store,mocha,medium,yes,102.92,13.0,0.093,43.96,204.0,21.7,1198.55
sep,bursa,in-store,mocha,medium,no,96.21,9.0,0.028,42.49,159.0,18.8,870.87
sep,istanbul,in-store,mocha,dark,no,111.04,19.0,0.054,48.34,320.0,19.9,1989.56
sep,eskisehir,in-store,cold brew,light,no,108.78,11.0,0.03,45.43,184.0,16.5,1173.39
sep,bursa,online,latte,medium,no,93.18,5.0,0.087,38.18,150.0,22.7,425.03
sep,bursa,in-store,espresso,light,no,73.98,5.0,0.067,31.49,143.0,27.2,330.59
sep,ankara,online,cold brew,medium,no,103.18,3.0,0.085,45.48,129.0,18.4,287.47
sep,izmir,online,espresso,medium,yes,66.87,2.0,0.135,26.66,113.0,25.1,133.76
sep,istanbul,in-store,americano,medium,no,79.09,18.0,0.027,32.9,267.0,17.7,1381.5
sep,antalya,in-store,cappuccino,dark,no,95.22,10.0,0.063,42.29,169.0,24.9,894.25
sep,ankara,in-store,latte,medium,no,92.52,13.0,0.038,40.94,178.0,22.8,1168.03
sep,bursa,in-store,filter,light,no,64.85,11.0,0.056,26.24,183.0,22.1,673.81
sep,ankara,in-store,americano,medium,yes,77.12,20.0,0.121,33.83,197.0,20.2,1331.97
sep,istanbul,in-store,espresso,light,yes,79.0,26.0,0.077,31.62,351.0,26.3,1909.47
sep,eskisehir,online,cold brew,medium,no,106.82,5.0,0.056,49.59,76.0,20.6,502.79
sep,istanbul,in-store,espresso,light,yes,76.96,18.0,0.139,33.37,307.0,25.8,1187.85
sep,ankara,online,americano,medium,no,68.19,10.0,0.045,28.33,198.0,24.2,618.43
sep,bursa,in-store,cold brew,medium,no,103.46,12.0,0.018,44.44,149.0,22.5,1221.25
sep,antalya,online,latte,light,no,99.03,5.0,0.067,44.93,171.0,26.2,438.23
sep,istanbul,in-store,cold brew,medium,no,113.11,10.0,0.099,49.53,310.0,19.5,1005.42
sep,izmir,in-store,americano,dark,no,82.99,12.0,0.023,35.33,240.0,27.5,1036.69
sep,istanbul,in-store,cappuccino,light,no,95.19,10.0,0.056,39.6,288.0,24.5,894.82
sep,izmir,in-store,espresso,dark,no,76.25,7.0,0.02,26.26,179.0,27.1,536.06
sep,ankara,online,filter,light,no,58.26,13.0,0.108,23.58,193.0,20.2,692.57
sep,istanbul,in-store,espresso,medium,no,72.81,15.0,0.033,28.34,292.0,22.8,1042.83
sep,izmir,in-store,mocha,medium,yes,98.42,12.0,0.121,39.37,210.0,24.7,1042.88
sep,eskisehir,online,latte,medium,no,92.77,3.0,0.036,37.45,98.0,17.7,282.67
sep,eskisehir,online,cappuccino,light,no,78.17,7.0,0.124,33.6,102.0,19.0,443.12
sep,istanbul,in-store,espresso,medium,no,83.11,14.0,0.044,35.4,271.0,22.3,1111.06
oct,izmir,in-store,cappuccino,dark,no,91.43,10.0,0.067,38.58,173.0,19.8,865.81
oct,antalya,in-store,cappuccino,medium,yes,91.9,15.0,0.103,41.3,177.0,21.0,1224.71
oct,izmir,in-store,mocha,light,no,97.25,5.0,0.042,45.49,188.0,17.2,438.84
oct,ankara,in-store,mocha,light,no,101.31,10.0,0.04,41.29,222.0,12.7,964.05
oct,izmir,online,mocha,medium,no,99.55,8.0,0.077,41.72,151.0,19.5,684.87
oct,eskisehir,online,espresso,light,no,58.46,4.0,0.031,27.02,138.0,14.0,235.53
oct,ankara,in-store,cappuccino,light,no,86.02,8.0,0.021,36.92,169.0,15.5,642.95
oct,ankara,in-store,espresso,light,no,80.22,13.0,0.071,35.78,207.0,13.3,974.88
oct,bursa,in-store,latte,medium,yes,95.7,17.0,0.101,43.39,174.0,17.2,1434.39
oct,antalya,in-store,cappuccino,medium,no,97.63,11.0,0.038,40.83,218.0,20.5,1019.72
oct,istanbul,delivery,latte,light,yes,101.09,13.0,0.148,44.0,233.0,14.1,1117.45
oct,ankara,delivery,latte,medium,yes,103.95,9.0,0.117,45.61,168.0,15.1,820.78
oct,istanbul,in-store,filter,medium,yes,69.19,26.0,0.077,27.07,300.0,19.3,1693.24
oct,ankara,delivery,cold brew,medium,yes,104.26,2.0,0.141,44.51,102.0,15.4,190.9
oct,bursa,online,cold brew,dark,no,108.15,2.0,0.04,45.37,111.0,17.6,194.18
oct,istanbul,in-store,cold brew,dark,no,117.78,13.0,0.03,54.97,258.0,16.1,1493.93
oct,bursa,in-store,americano,medium,yes,82.56,15.0,0.109,36.96,170.0,16.6,1080.62
oct,bursa,online,americano,light,no,73.09,4.0,0.035,30.36,80.0,14.6,281.98
oct,antalya,in-store,filter,medium,no,73.07,6.0,0.072,31.61,161.0,17.6,421.17
oct,istanbul,online,mocha,dark,no,104.22,8.0,0.092,46.23,212.0,19.3,703.95
oct,istanbul,online,espresso,medium,yes,68.26,19.0,0.121,26.1,200.0,16.7,1140.89
oct,istanbul,delivery,filter,dark,yes,84.03,14.0,0.118,39.36,183.0,14.1,1026.02
oct,eskisehir,in-store,latte,medium,no,91.95,14.0,0.009,39.94,158.0,16.0,1283.11
oct,eskisehir,online,filter,light,no,54.74,6.0,0.08,23.61,126.0,15.7,347.96
oct,izmir,in-store,filter,medium,no,71.68,7.0,0.047,31.33,157.0,21.0,440.93
oct,istanbul,in-store,espresso,medium,no,80.12,12.0,0.018,35.52,295.0,17.2,931.15
oct,eskisehir,in-store,cappuccino,light,yes,80.33,10.0,0.083,35.65,134.0,15.7,746.3
oct,istanbul,in-store,mocha,dark,no,104.06,15.0,0.018,48.13,331.0,20.7,1526.1
oct,istanbul,in-store,espresso,dark,no,69.32,16.0,0.034,26.95,257.0,22.6,1088.65
oct,antalya,in-store,americano,light,yes,85.54,18.0,0.095,34.98,177.0,20.5,1345.05
oct,eskisehir,in-store,espresso,medium,no,64.83,5.0,0.029,28.51,152.0,15.4,319.97
oct,bursa,in-store,americano,dark,no,80.76,6.0,0.037,37.91,191.0,18.6,454.77
oct,istanbul,in-store,americano,dark,yes,84.51,16.0,0.12,35.85,234.0,16.3,1235.83
oct,ankara,in-store,espresso,medium,no,69.56,11.0,0.029,28.18,182.0,15.1,763.66
oct,istanbul,in-store,cappuccino,light,no,96.58,15.0,0.008,37.99,247.0,14.4,1423.42
oct,ankara,online,cold brew,light,no,100.37,6.0,0.052,43.84,136.0,12.1,586.77
oct,izmir,in-store,cold brew,light,no,110.99,8.0,0.027,47.95,171.0,19.1,856.15
oct,ankara,in-store,cappuccino,medium,no,85.68,8.0,0.013,34.69,205.0,13.8,678.47
oct,istanbul,in-store,cappuccino,medium,yes,90.09,11.0,0.098,39.11,208.0,14.3,876.1
oct,istanbul,in-store,cappuccino,medium,no,92.5,14.0,0.013,40.64,265.0,14.8,1244.36
oct,istanbul,in-store,filter,light,no,72.67,18.0,0.066,31.07,244.0,16.1,1217.73
oct,ankara,delivery,mocha,light,no,103.4,9.0,0.07,44.88,163.0,13.9,832.03
oct,antalya,in-store,cappuccino,dark,no,90.59,10.0,0.007,38.76,199.0,22.0,869.65
oct,izmir,in-store,latte,medium,yes,96.61,11.0,0.078,45.12,156.0,18.6,973.96
oct,istanbul,online,filter,dark,yes,70.29,21.0,0.122,28.44,182.0,18.1,1267.59
oct,eskisehir,delivery,latte,dark,no,104.29,5.0,0.037,47.82,61.0,15.7,532.05
oct,bursa,in-store,filter,medium,no,68.42,5.0,0.033,26.14,119.0,17.5,320.42
oct,ankara,in-store,cold brew,medium,yes,105.39,6.0,0.092,45.92,148.0,13.8,597.26
oct,istanbul,delivery,latte,light,yes,98.96,8.0,0.128,41.14,228.0,16.6,726.39
oct,antalya,delivery,espresso,medium,no,79.45,10.0,0.046,35.52,187.0,19.0,765.5
oct,istanbul,in-store,filter,medium,no,70.68,26.0,0.089,28.21,292.0,18.2,1692.45
oct,ankara,in-store,cappuccino,medium,no,85.75,11.0,0.029,35.03,216.0,16.1,917.79
oct,izmir,in-store,latte,dark,no,102.61,8.0,0.035,45.16,153.0,20.4,791.86
oct,bursa,in-store,espresso,medium,yes,72.81,8.0,0.131,32.42,108.0,16.0,470.56
oct,eskisehir,online,espresso,light,no,58.46,4.0,0.031,27.02,138.0,14.0,235.53
oct,antalya,in-store,espresso,medium,yes,74.4,9.0,0.084,31.99,164.0,23.2,627.6
oct,bursa,in-store,filter,dark,no,61.06,4.0,0.023,22.71,196.0,14.1,272.38
oct,izmir,in-store,cappuccino,medium,yes,84.8,11.0,0.16,30.18,172.0,22.9,761.63
oct,izmir,online,mocha,medium,no,93.54,4.0,0.042,43.53,146.0,20.9,372.65
oct,eskisehir,in-store,espresso,dark,no,63.26,12.0,0.01,27.4,127.0,12.2,710.75
oct,bursa,online,americano,light,yes,77.36,5.0,0.111,33.55,143.0,16.3,367.42
oct,bursa,in-store,espresso,dark,yes,75.1,9.0,0.102,30.31,150.0,18.0,622.06
oct,antalya,in-store,mocha,medium,no,97.26,8.0,0.042,43.05,233.0,24.9,733.24
oct,eskisehir,in-store,cold brew,medium,no,110.67,4.0,0.008,48.89,132.0,13.3,466.11
oct,izmir,online,mocha,light,no,96.06,2.0,0.037,42.03,107.0,21.6,219.04
oct,ankara,in-store,espresso,medium,no,70.03,20.0,0.002,26.81,199.0,16.2,1441.65
oct,istanbul,in-store,cold brew,light,yes,112.92,16.0,0.093,50.99,312.0,17.4,1640.82
oct,antalya,online,latte,dark,yes,94.07,14.0,0.117,45.19,159.0,24.6,1172.43
oct,eskisehir,in-store,filter,dark,no,67.51,11.0,0.003,28.72,128.0,16.9,793.94
oct,ankara,delivery,cold brew,dark,no,114.82,1.0,0.044,47.25,149.0,12.7,106.56
oct,ankara,delivery,cold brew,medium,yes,108.48,5.0,0.105,44.42,132.0,17.9,509.82
oct,istanbul,in-store,latte,medium,no,102.95,9.0,0.034,43.38,217.0,19.1,879.14
oct,antalya,in-store,cold brew,medium,no,112.32,6.0,0.033,49.88,217.0,22.3,687.0
oct,antalya,online,latte,medium,no,93.13,9.0,0.073,41.35,141.0,19.8,781.25
oct,eskisehir,in-store,mocha,light,yes,91.67,8.0,0.151,39.85,133.0,18.8,646.51
oct,ankara,in-store,cappuccino,light,no,91.1,15.0,0.039,37.95,186.0,15.1,1311.81
oct,bursa,in-store,latte,medium,no,98.35,3.0,0.026,43.14,132.0,17.4,288.03
oct,izmir,in-store,americano,dark,no,83.01,10.0,0.034,37.29,175.0,22.3,809.48
oct,istanbul,in-store,cappuccino,medium,no,88.93,15.0,0.027,36.48,288.0,16.9,1270.96
oct,antalya,in-store,filter,medium,no,74.37,9.0,0.076,29.74,152.0,21.2,614.37
oct,istanbul,delivery,espresso,light,yes,82.4,13.0,0.121,35.07,225.0,18.4,918.36
oct,antalya,delivery,americano,medium,no,82.26,6.0,0.034,35.49,165.0,20.2,479.89
oct,istanbul,in-store,cappuccino,light,no,93.5,10.0,0.041,38.52,262.0,16.9,862.19
oct,ankara,in-store,filter,medium,no,74.44,16.0,0.023,35.61,215.0,14.9,1116.99
oct,izmir,in-store,cappuccino,medium,yes,97.58,14.0,0.071,40.62,191.0,19.2,1295.33
oct,ankara,in-store,latte,light,no,81.85,14.0,0.018,35.78,216.0,18.0,1109.86
oct,eskisehir,in-store,espresso,medium,no,76.67,10.0,0.043,31.95,161.0,14.0,781.43
oct,istanbul,in-store,filter,medium,yes,72.36,22.0,0.089,29.14,299.0,14.5,1419.96
oct,ankara,in-store,filter,medium,no,74.52,15.0,0.02,29.86,243.0,16.0,1138.66
oct,antalya,delivery,americano,medium,no,78.66,5.0,0.058,34.12,144.0,19.3,353.98
oct,istanbul,in-store,filter,dark,no,70.91,19.0,0.023,29.48,275.0,15.8,1279.69
oct,izmir,in-store,filter,medium,no,72.31,13.0,0.012,35.07,186.0,18.9,897.4
oct,istanbul,in-store,filter,medium,yes,78.24,17.0,0.099,30.22,287.0,16.7,1160.79
oct,izmir,delivery,americano,medium,yes,78.3,5.0,0.107,33.53,126.0,21.6,357.44
oct,eskisehir,online,cappuccino,light,no,78.57,2.0,0.097,30.7,73.0,14.8,120.5
oct,antalya,in-store,mocha,light,no,105.5,5.0,0.021,41.57,175.0,21.5,567.27
oct,eskisehir,in-store,mocha,light,yes,99.9,7.0,0.076,46.16,130.0,17.9,677.02
oct,istanbul,online,americano,dark,no,84.13,12.0,0.066,36.03,213.0,15.7,951.87
oct,ankara,in-store,filter,medium,yes,68.52,12.0,0.137,26.75,194.0,14.3,728.21
oct,antalya,in-store,filter,dark,no,70.58,15.0,0.026,31.45,191.0,19.5,1013.87
oct,bursa,in-store,espresso,dark,yes,82.57,5.0,0.097,34.48,133.0,19.4,407.98
oct,istanbul,in-store,filter,light,no,71.92,9.0,0.057,27.84,266.0,18.8,621.45
nov,istanbul,in-store,filter,light,no,70.47,19.0,0.045,32.39,315.0,13.3,1267.93
nov,bursa,in-store,latte,medium,no,96.7,10.0,0.053,41.51,142.0,16.7,909.92
nov,izmir,online,mocha,light,no,94.0,8.0,0.082,39.76,120.0,14.0,710.45
nov,istanbul,in-store,cappuccino,medium,yes,97.98,8.0,0.146,40.5,245.0,11.1,626.33
nov,antalya,online,cold brew,medium,no,112.65,4.0,0.059,48.74,154.0,18.7,417.26
nov,eskisehir,online,espresso,dark,no,77.09,3.0,0.08,29.93,105.0,14.0,189.15
nov,antalya,in-store,americano,medium,no,82.9,7.0,0.055,32.02,223.0,12.1,541.94
nov,eskisehir,in-store,mocha,light,no,94.43,4.0,0.059,41.4,62.0,6.8,386.78
nov,istanbul,in-store,latte,medium,yes,100.22,22.0,0.125,43.72,270.0,14.5,1907.99
nov,eskisehir,in-store,latte,light,no,91.0,4.0,0.025,40.19,103.0,8.0,327.23
nov,ankara,online,filter,dark,no,71.66,8.0,0.078,29.18,88.0,4.9,492.99
nov,antalya,in-store,cappuccino,light,no,85.22,13.0,0.108,36.79,185.0,15.8,1030.25
nov,ankara,in-store,cappuccino,medium,no,95.0,9.0,0.06,39.08,195.0,9.7,795.11
nov,izmir,in-store,cappuccino,dark,yes,102.63,13.0,0.143,41.53,219.0,15.2,1164.8
nov,ankara,in-store,cappuccino,medium,no,83.36,8.0,0.034,35.03,144.0,8.6,636.79
nov,istanbul,delivery,filter,light,no,75.56,14.0,0.088,31.04,159.0,12.7,980.11
nov,izmir,in-store,cold brew,light,no,99.3,6.0,0.052,42.87,160.0,14.6,543.5
nov,izmir,in-store,espresso,medium,no,80.86,12.0,0.038,32.59,178.0,12.4,924.44
nov,istanbul,in-store,cold brew,medium,no,117.51,11.0,0.053,50.73,257.0,10.7,1274.46
nov,ankara,online,cappuccino,light,no,83.36,3.0,0.134,35.83,107.0,10.3,242.89
nov,bursa,online,espresso,medium,no,67.82,2.0,0.1,27.46,100.0,13.6,134.71
nov,antalya,in-store,mocha,medium,no,104.6,12.0,0.053,42.15,162.0,15.6,1198.49
nov,ankara,in-store,latte,medium,no,100.92,14.0,0.051,44.28,199.0,8.5,1285.31
nov,izmir,in-store,cold brew,dark,no,105.33,5.0,0.137,47.8,197.0,15.5,400.74
nov,izmir,in-store,latte,medium,no,94.53,6.0,0.09,43.35,143.0,13.3,555.79
nov,istanbul,in-store,latte,dark,no,96.98,12.0,0.059,43.05,279.0,15.8,1084.36
nov,ankara,in-store,latte,dark,yes,95.4,14.0,0.115,41.04,198.0,12.2,1228.19
nov,antalya,in-store,latte,dark,no,104.83,4.0,0.063,52.53,171.0,17.2,434.85
nov,istanbul,in-store,cold brew,medium,yes,105.18,9.0,0.098,47.47,220.0,15.7,821.12
nov,bursa,in-store,cold brew,medium,no,105.7,4.0,0.047,45.8,126.0,6.8,396.25
nov,istanbul,in-store,latte,medium,no,99.78,14.0,0.049,43.35,293.0,14.8,1307.63
nov,bursa,in-store,filter,medium,no,62.85,11.0,0.032,25.46,152.0,11.8,678.22
nov,antalya,online,mocha,medium,no,101.6,5.0,0.069,42.42,162.0,12.2,452.74
nov,ankara,online,latte,medium,yes,89.7,6.0,0.197,36.49,186.0,12.7,433.97
nov,istanbul,in-store,filter,light,no,76.68,15.0,0.036,32.73,232.0,11.7,1100.13
nov,izmir,in-store,latte,medium,no,93.71,15.0,0.035,39.84,197.0,12.1,1329.33
nov,ankara,online,cappuccino,light,no,92.11,6.0,0.091,40.18,174.0,11.5,478.0
nov,istanbul,delivery,filter,medium,yes,74.53,16.0,0.152,30.87,169.0,12.4,1045.82
nov,ankara,in-store,cold brew,medium,no,113.52,10.0,0.087,48.6,229.0,12.4,1076.71
nov,ankara,in-store,espresso,medium,yes,76.46,15.0,0.134,34.38,192.0,10.1,1015.6
nov,eskisehir,in-store,espresso,light,yes,68.24,4.0,0.12,26.54,85.0,10.3,226.37
nov,izmir,in-store,espresso,dark,yes,75.56,11.0,0.161,34.59,190.0,14.3,690.49
nov,istanbul,in-store,cold brew,dark,no,117.82,5.0,0.058,54.76,252.0,11.0,548.06
nov,antalya,online,espresso,dark,no,77.89,3.0,0.096,36.6,179.0,11.5,211.27
nov,ankara,in-store,filter,medium,yes,71.21,20.0,0.132,32.26,158.0,7.3,1303.49
nov,eskisehir,in-store,filter,dark,no,67.14,11.0,0.05,27.65,139.0,11.6,740.57
nov,istanbul,in-store,cappuccino,medium,yes,97.98,8.0,0.146,40.5,245.0,11.1,626.33
nov,istanbul,delivery,latte,dark,no,104.27,7.0,0.086,46.92,180.0,13.2,657.17
nov,istanbul,in-store,cold brew,dark,no,109.98,9.0,0.068,46.45,280.0,11.2,890.84
nov,izmir,delivery,filter,medium,no,72.07,9.0,0.079,29.91,136.0,15.9,594.41
nov,istanbul,online,filter,medium,no,71.65,13.0,0.059,35.23,180.0,11.4,881.77
nov,bursa,in-store,americano,medium,no,75.52,8.0,0.071,31.07,130.0,13.9,538.79
nov,istanbul,online,cold brew,light,no,103.98,5.0,0.065,44.1,187.0,12.2,485.38
nov,ankara,in-store,americano,medium,yes,77.78,13.0,0.169,34.11,185.0,5.8,852.55
nov,istanbul,in-store,cappuccino,medium,no,94.54,12.0,0.069,42.19,219.0,9.9,1102.3
nov,ankara,in-store,latte,light,no,90.11,9.0,0.066,35.71,145.0,9.8,791.41
nov,istanbul,delivery,espresso,light,yes,79.26,13.0,0.146,28.98,178.0,12.3,872.2
nov,ankara,in-store,mocha,medium,yes,101.21,9.0,0.166,41.62,203.0,9.6,734.82
nov,istanbul,delivery,americano,medium,no,85.6,14.0,0.068,31.86,201.0,15.1,1162.97
nov,izmir,delivery,mocha,dark,yes,101.69,10.0,0.178,46.18,145.0,11.0,866.7
nov,istanbul,in-store,americano,light,no,83.1,11.0,0.046,30.77,253.0,13.3,838.4
nov,istanbul,in-store,mocha,medium,yes,103.82,11.0,0.148,48.21,219.0,10.0,968.66
nov,istanbul,in-store,americano,medium,no,86.22,12.0,0.048,39.65,266.0,12.1,1002.33
nov,bursa,in-store,filter,dark,no,72.94,5.0,0.056,30.49,169.0,11.1,319.41
nov,istanbul,in-store,filter,light,yes,71.66,20.0,0.158,28.84,242.0,11.9,1232.48
nov,antalya,delivery,cappuccino,medium,no,94.03,5.0,0.079,39.27,120.0,17.4,495.7
nov,istanbul,in-store,filter,light,yes,69.71,20.0,0.119,26.94,228.0,12.4,1198.93
nov,eskisehir,in-store,latte,dark,no,92.13,9.0,0.037,41.46,125.0,11.3,826.86
nov,eskisehir,in-store,cold brew,medium,no,107.44,4.0,0.077,49.5,110.0,12.1,392.87
nov,ankara,delivery,filter,dark,no,76.76,10.0,0.063,34.33,118.0,7.7,741.5
nov,antalya,in-store,cappuccino,medium,yes,94.91,12.0,0.126,41.77,148.0,17.4,954.44
nov,eskisehir,online,espresso,medium,no,71.05,6.0,0.083,30.85,119.0,4.8,398.32
nov,izmir,delivery,filter,medium,no,72.07,9.0,0.079,29.91,136.0,15.9,594.41
nov,istanbul,in-store,cappuccino,dark,yes,81.99,23.0,0.097,37.72,244.0,13.6,1706.05
nov,istanbul,in-store,cappuccino,dark,yes,81.99,23.0,0.097,37.72,244.0,13.6,1706.05
nov,izmir,in-store,latte,medium,no,93.71,15.0,0.035,39.84,197.0,12.1,1329.33
nov,ankara,in-store,espresso,dark,yes,71.91,9.0,0.127,32.48,185.0,10.4,572.66
nov,antalya,in-store,filter,medium,no,69.87,16.0,0.044,29.27,169.0,16.6,1078.68
nov,istanbul,in-store,americano,medium,no,79.85,19.0,0.028,31.99,277.0,10.9,1434.83
nov,eskisehir,in-store,americano,dark,no,75.95,4.0,0.031,29.26,121.0,10.8,297.1
nov,istanbul,delivery,cappuccino,medium,no,96.19,11.0,0.103,40.06,213.0,10.9,968.7
nov,eskisehir,in-store,cappuccino,medium,no,80.09,9.0,0.043,32.12,117.0,9.1,743.45
nov,antalya,delivery,latte,medium,yes,102.7,14.0,0.154,47.02,144.0,15.6,1169.48
nov,ankara,delivery,cappuccino,light,yes,92.75,4.0,0.154,41.4,155.0,11.9,292.4
nov,izmir,in-store,filter,light,no,69.22,10.0,0.04,30.35,152.0,14.1,683.34
nov,ankara,online,latte,medium,yes,90.62,5.0,0.157,38.31,134.0,9.0,377.49
dec,izmir,in-store,mocha,light,no,105.89,8.0,0.05,49.0,164.0,8.6,821.46
dec,istanbul,in-store,americano,light,no,75.47,21.0,0.026,30.01,258.0,7.6,1538.62
dec,istanbul,in-store,americano,light,no,83.65,13.0,0.052,34.37,265.0,8.2,1066.94
dec,antalya,online,cappuccino,medium,no,90.72,4.0,0.083,37.41,101.0,11.1,342.76
dec,antalya,delivery,filter,dark,no,72.09,8.0,0.062,33.4,112.0,10.4,560.98
dec,istanbul,online,latte,light,yes,97.66,18.0,0.135,46.45,229.0,7.3,1474.6
dec,izmir,delivery,cold brew,medium,no,111.34,4.0,0.06,52.03,168.0,9.8,421.63
dec,izmir,in-store,americano,dark,no,89.03,15.0,0.05,38.81,210.0,8.3,1291.21
dec,ankara,in-store,mocha,medium,yes,99.47,19.0,0.146,37.38,206.0,6.5,1645.59
dec,eskisehir,in-store,filter,medium,no,66.84,14.0,0.044,26.54,170.0,9.4,913.09
dec,istanbul,delivery,filter,dark,no,79.91,7.0,0.085,33.94,153.0,6.9,517.88
dec,antalya,in-store,cappuccino,medium,no,88.73,15.0,0.061,36.17,164.0,9.7,1217.82
dec,bursa,online,espresso,medium,no,67.99,10.0,0.061,29.44,104.0,5.0,592.64
dec,ankara,in-store,filter,dark,no,62.78,17.0,0.056,26.75,229.0,5.9,1069.64
dec,istanbul,delivery,latte,medium,no,99.87,11.0,0.062,41.11,237.0,7.6,1044.09
dec,istanbul,in-store,latte,medium,no,97.44,18.0,0.086,43.1,248.0,7.1,1584.38
dec,eskisehir,in-store,latte,medium,no,88.72,11.0,0.031,41.3,138.0,9.0,936.55
dec,istanbul,delivery,latte,medium,no,103.84,10.0,0.102,45.41,230.0,12.1,918.57
dec,ankara,in-store,espresso,dark,yes,69.29,14.0,0.134,29.99,190.0,7.4,857.05
dec,bursa,in-store,cold brew,dark,no,112.06,4.0,0.027,49.7,170.0,5.0,433.36
dec,izmir,delivery,cappuccino,light,no,94.61,3.0,0.083,39.71,133.0,10.9,216.95
dec,antalya,in-store,cappuccino,medium,no,92.09,10.0,0.062,39.84,177.0,13.6,840.89
dec,bursa,in-store,mocha,dark,no,103.9,7.0,0.04,47.81,145.0,9.1,684.23
dec,istanbul,online,latte,dark,no,92.22,14.0,0.063,37.94,196.0,7.2,1212.27
dec,eskisehir,in-store,cold brew,medium,no,104.86,10.0,0.065,48.24,152.0,3.1,966.32
dec,ankara,delivery,filter,medium,yes,72.36,8.0,0.166,28.51,167.0,8.7,494.59
dec,eskisehir,in-store,latte,medium,yes,91.71,3.0,0.11,41.49,136.0,2.0,246.02
dec,antalya,delivery,latte,medium,no,102.96,4.0,0.072,47.32,155.0,15.6,395.33
dec,antalya,in-store,latte,light,yes,93.1,12.0,0.108,39.48,189.0,16.0,1048.06
dec,ankara,in-store,filter,medium,no,71.74,13.0,0.063,31.16,210.0,5.4,879.89
dec,bursa,in-store,filter,medium,no,64.71,5.0,0.088,28.78,111.0,7.3,293.29
dec,istanbul,in-store,latte,dark,no,94.45,18.0,0.064,40.03,291.0,5.8,1617.71
dec,antalya,online,cold brew,light,yes,117.92,4.0,0.155,51.54,165.0,12.7,416.42
dec,ankara,in-store,cappuccino,medium,no,94.52,14.0,0.043,39.62,217.0,8.2,1276.05
dec,istanbul,in-store,espresso,medium,no,80.17,13.0,0.042,37.62,290.0,9.8,997.19
dec,istanbul,in-store,filter,medium,no,66.49,10.0,0.049,27.94,261.0,8.0,640.89
dec,antalya,online,filter,dark,no,67.6,9.0,0.08,26.24,146.0,13.0,566.36
dec,bursa,in-store,mocha,light,no,100.4,6.0,0.05,46.77,153.0,1.4,634.81
dec,eskisehir,in-store,filter,light,no,65.86,12.0,0.053,28.92,141.0,5.5,781.84
dec,ankara,online,americano,light,yes,78.4,10.0,0.156,32.92,141.0,8.3,686.13
dec,antalya,online,filter,medium,no,67.5,8.0,0.094,25.65,144.0,8.3,494.53
dec,antalya,in-store,espresso,medium,no,79.13,7.0,0.106,34.73,139.0,11.5,459.95
dec,antalya,delivery,latte,light,no,100.83,6.0,0.06,45.61,164.0,12.1,538.63
dec,ankara,delivery,latte,medium,no,100.18,11.0,0.089,45.98,162.0,7.0,999.35
dec,izmir,in-store,espresso,medium,no,73.74,13.0,0.025,30.51,208.0,10.4,932.82
dec,izmir,delivery,espresso,light,yes,70.58,12.0,0.137,30.57,153.0,7.2,774.84
dec,istanbul,in-store,mocha,medium,no,105.69,15.0,0.043,47.55,289.0,9.0,1504.38
dec,bursa,in-store,filter,dark,no,77.49,5.0,0.047,38.14,113.0,6.8,415.82
dec,bursa,in-store,filter,medium,no,67.36,15.0,0.031,27.39,140.0,9.1,1001.73
dec,istanbul,delivery,filter,medium,no,73.1,9.0,0.057,29.96,205.0,7.9,654.11
dec,eskisehir,in-store,cappuccino,medium,no,89.27,4.0,0.045,35.05,114.0,6.6,373.3
dec,izmir,delivery,espresso,medium,no,80.49,8.0,0.089,31.69,175.0,12.5,618.68
dec,bursa,in-store,latte,medium,yes,94.82,14.0,0.122,36.06,157.0,7.3,1174.88
dec,ankara,in-store,cappuccino,medium,no,86.57,11.0,0.091,35.45,189.0,3.0,865.07
dec,izmir,in-store,cappuccino,medium,no,95.45,13.0,0.059,36.05,187.0,13.0,1140.91
dec,ankara,in-store,latte,medium,no,93.0,7.0,0.074,41.39,219.0,6.8,669.81
dec,istanbul,in-store,espresso,medium,no,77.09,15.0,0.058,31.25,304.0,9.4,1036.29
dec,eskisehir,in-store,americano,light,no,76.61,7.0,0.062,31.65,124.0,8.0,505.16
dec,antalya,delivery,latte,medium,no,99.7,6.0,0.055,40.35,140.0,15.3,581.5
dec,istanbul,in-store,americano,medium,no,78.29,19.0,0.03,32.68,250.0,8.3,1438.73
dec,istanbul,online,latte,light,no,95.84,10.0,0.06,40.09,185.0,9.9,909.91
dec,izmir,in-store,americano,medium,no,81.13,8.0,0.071,29.0,222.0,11.4,581.44
dec,eskisehir,in-store,latte,medium,yes,98.34,5.0,0.164,42.13,78.0,8.9,429.17
dec,istanbul,in-store,latte,dark,no,99.93,20.0,0.096,41.84,308.0,8.7,1831.81
dec,ankara,delivery,filter,dark,no,71.75,4.0,0.07,33.72,159.0,7.9,264.62
dec,antalya,online,cold brew,dark,no,106.6,2.0,0.081,47.55,196.0,13.5,194.87
dec,izmir,in-store,latte,dark,yes,94.06,13.0,0.169,39.59,206.0,8.3,1050.15
dec,izmir,delivery,latte,medium,no,100.22,13.0,0.071,47.77,131.0,7.5,1251.24
dec,antalya,in-store,mocha,dark,no,100.04,13.0,0.04,45.88,187.0,14.4,1253.14
dec,antalya,in-store,americano,medium,no,82.36,14.0,0.062,35.48,207.0,12.8,1060.84
dec,istanbul,in-store,cappuccino,light,no,85.71,21.0,0.045,35.47,280.0,7.4,1686.14
dec,ankara,delivery,mocha,light,no,103.97,8.0,0.093,46.59,172.0,6.0,726.88
dec,antalya,in-store,cappuccino,dark,yes,89.92,7.0,0.106,40.47,169.0,8.8,569.13
dec,eskisehir,in-store,espresso,dark,no,71.32,8.0,0.053,34.7,143.0,8.5,552.78
dec,bursa,online,espresso,medium,no,72.93,9.0,0.083,29.82,107.0,6.1,597.6
dec,ankara,delivery,cold brew,dark,no,115.33,4.0,0.066,52.1,148.0,7.2,457.24
dec,antalya,in-store,espresso,light,no,80.83,8.0,0.051,35.45,162.0,11.6,579.08
dec,izmir,in-store,latte,light,no,88.93,5.0,0.04,38.2,195.0,10.8,438.83
dec,istanbul,online,espresso,dark,no,70.28,12.0,0.084,29.92,250.0,8.0,758.49
dec,antalya,delivery,cappuccino,light,no,94.78,8.0,0.074,39.86,142.0,15.0,714.97
dec,antalya,online,cappuccino,medium,no,90.34,3.0,0.145,36.43,127.0,9.4,229.57
dec,istanbul,in-store,filter,medium,no,66.59,20.0,0.11,30.02,267.0,11.2,1202.86
dec,izmir,online,cold brew,medium,no,119.21,3.0,0.069,52.57,124.0,11.7,293.81
dec,istanbul,in-store,cappuccino,light,no,90.03,11.0,0.037,37.67,265.0,11.0,955.7
dec,izmir,in-store,espresso,light,yes,76.75,6.0,0.113,37.06,183.0,11.3,408.05
dec,istanbul,online,cappuccino,medium,no,86.54,7.0,0.096,37.08,206.0,7.7,565.62
dec,eskisehir,delivery,filter,light,no,70.73,6.0,0.132,30.84,108.0,3.6,411.82
dec,antalya,in-store,latte,medium,no,100.26,15.0,0.039,45.91,185.0,9.5,1439.18
dec,istanbul,in-store,filter,dark,no,77.8,13.0,0.068,35.99,236.0,4.1,941.61
dec,istanbul,in-store,americano,light,yes,86.91,20.0,0.097,33.95,287.0,8.8,1563.93
dec,istanbul,in-store,latte,medium,no,91.35,14.0,0.031,42.16,269.0,9.5,1236.85
dec,eskisehir,in-store,filter,light,no,67.53,11.0,0.092,28.58,129.0,5.6,620.31
dec,bursa,in-store,cold brew,medium,no,113.35,3.0,0.057,49.15,181.0,5.6,321.5
dec,eskisehir,delivery,filter,medium,no,68.96,12.0,0.079,32.2,120.0,4.6,727.17
dec,istanbul,in-store,americano,medium,no,81.46,10.0,0.12,34.05,300.0,10.5,769.57
dec,izmir,in-store,latte,light,yes,91.8,17.0,0.098,37.56,244.0,9.2,1373.05
